id,name,email,gender,money,birthdate,currency
1,Grange Idel,gidel0@sina.com.cn,Male,5731.67,2006-04-12T00:00:00.000+01:00,USD
2,Calvin Follen,cfollen1@topsy.com,Male,5741.66,1996-11-04T00:00:00.000Z,USD
3,Emile Bearn,ebearn2@salon.com,Male,2722.4,1987-06-14T00:00:00.000+01:00,USD
4,Dayle Hirth,dhirth3@qq.com,Female,4527.3,1993-08-04T00:00:00.000+01:00,USD
5,Daron Schutte,dschutte4@state.gov,Female,3821.76,1986-08-16T00:00:00.000+01:00,USD
6,Lynsey Iddenden,"",Female,1577.16,1982-07-11T00:00:00.000+01:00,USD
7,Noel Mellings,nmellings6@vinaora.com,Male,4561.91,1999-09-28T00:00:00.000+01:00,USD
8,Ora McEwan,omcewan7@1und1.de,Female,4505.25,1985-06-27T00:00:00.000+01:00,USD
9,Junie Doley,"",Female,3946.85,2003-07-05T00:00:00.000+01:00,USD
10,Ketty Braben,kbraben9@pen.io,Female,4073.7,1987-01-21T00:00:00.000Z,EUR
11,Buckie Cotton,"",Male,4549.4,1999-03-24T00:00:00.000Z,USD
12,Marji Binding,mbindingb@ocn.ne.jp,Female,5646.3,2002-09-14T00:00:00.000+01:00,USD
13,Stevena Muckle,smucklec@apple.com,Female,5615.27,1998-05-29T00:00:00.000+01:00,USD
14,Earvin Rennolds,erennoldsd@biglobe.ne.jp,Male,6007.29,2006-12-12T00:00:00.000Z,USD
15,Nial Freake,nfreakee@dailymotion.com,Male,2047.03,1985-06-10T00:00:00.000+01:00,USD
16,Jorge Lothlorien,jlothlorienf@imdb.com,Male,7629.14,2005-08-25T00:00:00.000+01:00,EUR
17,Tessi Storey,tstoreyg@vk.com,Female,7334.09,1997-04-11T00:00:00.000+01:00,USD
18,Leonerd Skatcher,lskatcherh@discuz.net,Bigender,3169.06,1997-03-16T00:00:00.000Z,USD
19,Arabel Biggs,abiggsi@plala.or.jp,Female,4644.0,1984-09-12T00:00:00.000+01:00,USD
20,Bondie Marritt,bmarrittj@wikia.com,Male,8516.0,1987-01-20T00:00:00.000Z,USD
21,Luise Cripwell,lcripwellk@histats.com,Female,3493.4,1996-09-13T00:00:00.000+01:00,USD
22,Rona Rider,rriderl@ustream.tv,Female,6784.51,1999-09-24T00:00:00.000+01:00,USD
23,Yuri Linck,"",Male,4399.8,2004-07-06T00:00:00.000+01:00,EUR
24,Ronny Harrinson,rharrinsonn@tripod.com,Male,4439.28,1988-05-21T00:00:00.000+01:00,EUR
25,Broddie Casarino,bcasarinoo@nhs.uk,Male,4646.4,1987-10-23T00:00:00.000+01:00,EUR
26,Vaughn Geeritz,vgeeritzp@bizjournals.com,Male,4354.23,1988-06-26T00:00:00.000+01:00,USD
27,Che Spink,"",Male,5775.48,1999-06-29T00:00:00.000+01:00,USD
28,Wes Bugler,wbuglerr@gizmodo.com,Male,7092.82,2004-05-19T00:00:00.000+01:00,USD
29,Lucio Edmett,"",Male,4459.11,1988-05-12T00:00:00.000+01:00,USD
30,Kathye Trevenu,"",Female,3299.44,2004-06-09T00:00:00.000+01:00,USD
31,Mark Lathey,mlatheyu@msu.edu,Male,4518.09,1993-02-05T00:00:00.000Z,USD
32,Carole Vaughan-Hughes,cvaughanhughesv@topsy.com,Female,2547.01,2000-11-24T00:00:00.000Z,USD
33,Athena McEvoy,"",Female,5440.45,2003-09-01T00:00:00.000+01:00,USD
34,Kelila Janney,kjanneyx@sphinn.com,Female,4601.66,2001-06-28T00:00:00.000+01:00,USD
35,Dorothea De Cleen,ddey@live.com,Female,3365.85,1985-05-27T00:00:00.000+01:00,EUR
36,Rafaelita Prichet,rprichetz@prlog.org,Female,6730.53,1989-04-22T00:00:00.000+01:00,USD
37,Vale Daine,"",Female,3551.04,1996-12-27T00:00:00.000Z,USD
38,Dean Ramsted,dramsted11@csmonitor.com,Agender,7314.41,2002-06-02T00:00:00.000+01:00,USD
39,Fifine Baff,fbaff12@example.com,Female,5753.81,1982-09-24T00:00:00.000+01:00,EUR
40,Eddi Gueinn,"",Female,5994.9,1987-01-21T00:00:00.000Z,USD
41,Veriee Dunsmuir,"",Female,2545.98,1988-05-03T00:00:00.000+01:00,USD
42,Lenka Turn,lturn15@jigsy.com,Female,5328.84,2002-02-24T00:00:00.000Z,USD
43,Floris Capozzi,"",Female,9329.86,1985-06-28T00:00:00.000+01:00,USD
44,Gelya Jagoe,gjagoe17@reference.com,Bigender,3472.24,2001-08-16T00:00:00.000+01:00,USD
45,Anett Plues,aplues18@hubpages.com,Female,2968.81,1996-08-06T00:00:00.000+01:00,USD
46,Langsdon Naisbitt,"",Male,5367.47,1987-09-06T00:00:00.000+01:00,USD
47,Obie Lidster,olidster1a@t-online.de,Male,3568.39,1989-08-20T00:00:00.000+01:00,USD
48,Deane Ferriere,dferriere1b@sfgate.com,Male,7259.25,1983-05-05T00:00:00.000+01:00,USD
49,Robin Taaffe,rtaaffe1c@surveymonkey.com,Female,3389.91,1981-08-06T00:00:00.000+01:00,USD
50,Carolee Bolesworth,cbolesworth1d@reuters.com,Genderfluid,3448.77,1985-10-23T00:00:00.000+01:00,USD
51,Normy Marns,nmarns1e@reddit.com,Male,5296.17,2002-01-28T00:00:00.000Z,USD
52,Douglass Sherebrook,dsherebrook1f@columbia.edu,Male,4185.33,1983-06-25T00:00:00.000+01:00,USD
53,Sandi Gravenell,sgravenell1g@bluehost.com,Female,2534.53,2000-11-13T00:00:00.000Z,USD
54,Wayland Twigley,wtwigley1h@google.com.br,Male,3065.55,1994-08-19T00:00:00.000+01:00,USD
55,Sarene Squires,"",Female,3638.45,2002-02-14T00:00:00.000Z,EUR
56,Tuckie Winship,twinship1j@google.ru,Male,3605.21,2006-04-20T00:00:00.000+01:00,USD
57,Roddie Kolak,rkolak1k@mapquest.com,Male,4921.71,2006-10-04T00:00:00.000+01:00,USD
58,Freddy Goldthorpe,fgoldthorpe1l@rakuten.co.jp,Male,3689.37,1988-04-27T00:00:00.000+01:00,USD
59,Pierette Dewberry,pdewberry1m@mayoclinic.com,Female,5886.47,1999-02-19T00:00:00.000Z,EUR
60,Moyna Jordanson,"",Female,3302.36,1986-03-19T00:00:00.000Z,USD
61,Levi McCullen,lmccullen1o@naver.com,Male,6013.83,1985-07-16T00:00:00.000+01:00,USD
62,Karleen Kinglake,kkinglake1p@netscape.com,Female,1378.5,2002-07-11T00:00:00.000+01:00,USD
63,Queenie Bebb,qbebb1q@xrea.com,Female,5250.37,2004-01-13T00:00:00.000Z,USD
64,Trenton McKall,tmckall1r@telegraph.co.uk,Male,3470.08,1999-09-13T00:00:00.000+01:00,USD
65,Isiahi Vannuchi,ivannuchi1s@360.cn,Male,4368.51,2003-11-04T00:00:00.000Z,USD
66,Ester Grishanin,egrishanin1t@prweb.com,Female,3232.12,1995-03-27T00:00:00.000+01:00,USD
67,Antonella Lasham,"",Bigender,4336.56,2006-02-05T00:00:00.000Z,USD
68,Amata Casley,acasley1v@themeforest.net,Female,6287.42,1994-07-29T00:00:00.000+01:00,EUR
69,Ara Breckwell,abreckwell1w@hp.com,Female,4058.85,1990-01-30T00:00:00.000Z,USD
70,Yorgo Sprague,ysprague1x@lulu.com,Male,6570.77,1988-12-20T00:00:00.000Z,USD
71,Avictor Gatus,agatus1y@1688.com,Male,4599.63,1998-09-06T00:00:00.000+01:00,EUR
72,Garrick Aish,gaish1z@google.co.jp,Male,4429.05,2002-07-28T00:00:00.000+01:00,USD
73,Gal Macura,gmacura20@hc360.com,Male,5505.2,1982-05-01T00:00:00.000+01:00,USD
74,Keefer Cavaney,kcavaney21@flickr.com,Polygender,1784.47,1999-02-14T00:00:00.000Z,USD
75,Catherine McGann,cmcgann22@statcounter.com,Female,4211.72,1999-07-21T00:00:00.000+01:00,USD
76,Auroora Ciccotto,aciccotto23@oakley.com,Non-binary,8349.22,1997-03-10T00:00:00.000Z,USD
77,Roselia William,rwilliam24@google.com.hk,Female,5163.64,1988-03-11T00:00:00.000Z,USD
78,Wally Brough,wbrough25@techcrunch.com,Male,7658.2,1987-10-02T00:00:00.000+01:00,USD
79,Pren Nutty,pnutty26@blinklist.com,Male,3270.44,1996-04-24T00:00:00.000+01:00,USD
80,Maura Orred,morred27@e-recht24.de,Polygender,7629.75,1996-02-08T00:00:00.000Z,USD
81,Althea Warsop,awarsop28@cnbc.com,Female,5172.63,1987-01-29T00:00:00.000Z,USD
82,Alexander Rapley,arapley29@technorati.com,Male,5466.38,1999-10-04T00:00:00.000+01:00,USD
83,Ad Luipold,aluipold2a@taobao.com,Male,2132.15,1984-06-13T00:00:00.000+01:00,USD
84,Justis Peotz,jpeotz2b@sina.com.cn,Male,5886.89,1996-10-18T00:00:00.000+01:00,USD
85,Else Wreakes,ewreakes2c@blogspot.com,Female,4754.29,1990-06-04T00:00:00.000+01:00,USD
86,Kaiser Balch,kbalch2d@reuters.com,Male,6776.62,2003-08-21T00:00:00.000+01:00,USD
87,Heindrick McInnes,hmcinnes2e@irs.gov,Male,7303.58,1986-07-03T00:00:00.000+01:00,USD
88,Goran Mathis,"",Male,2443.36,1993-01-07T00:00:00.000Z,EUR
89,Cortney O'Leagham,coleagham2g@nytimes.com,Female,3212.86,1990-04-18T00:00:00.000+01:00,USD
90,Alexina Rubra,arubra2h@bing.com,Female,5824.43,1993-11-22T00:00:00.000Z,USD
91,Kellsie Pullar,kpullar2i@clickbank.net,Female,1260.58,1983-03-19T00:00:00.000Z,USD
92,Charita Royan,croyan2j@ovh.net,Female,4803.46,1991-07-02T00:00:00.000+01:00,USD
93,Adore Farries,afarries2k@ed.gov,Female,9150.48,1989-12-19T00:00:00.000Z,USD
94,Janette Tilling,jtilling2l@ed.gov,Female,1798.1,1988-08-18T00:00:00.000+01:00,USD
95,Kylie Humpage,khumpage2m@ihg.com,Male,4529.86,1995-01-17T00:00:00.000Z,USD
96,Edyth Paskin,epaskin2n@huffingtonpost.com,Female,1260.06,1986-11-19T00:00:00.000Z,USD
97,Alejandrina Childes,achildes2o@icio.us,Female,5024.21,1986-10-12T00:00:00.000+01:00,USD
98,Charmine Peregrine,"",Female,2643.58,1987-07-10T00:00:00.000+01:00,USD
99,Trudie Arnoldi,tarnoldi2q@loc.gov,Female,4915.6,1997-09-02T00:00:00.000+01:00,USD
100,Baudoin Gaylord,bgaylord2r@zimbio.com,Male,4574.06,1991-09-13T00:00:00.000+01:00,USD
101,Hortensia Haylor,hhaylor2s@springer.com,Female,8711.84,1991-01-31T00:00:00.000Z,USD
102,Ezequiel Artin,eartin2t@wordpress.com,Male,9214.87,1983-07-08T00:00:00.000+01:00,USD
103,Clarance Freeth,cfreeth2u@lycos.com,Male,4978.59,2003-11-27T00:00:00.000Z,USD
104,Jethro Yedy,jyedy2v@disqus.com,Male,3544.55,1985-10-21T00:00:00.000+01:00,USD
105,Mufi Sowley,msowley2w@nymag.com,Genderqueer,3333.12,1990-03-01T00:00:00.000Z,USD
106,Dorie Strafen,dstrafen2x@telegraph.co.uk,Female,6372.21,1981-09-12T00:00:00.000+01:00,USD
107,Tracie Tomashov,ttomashov2y@kickstarter.com,Male,9040.16,1999-02-19T00:00:00.000Z,USD
108,Conrade De Beneditti,cde2z@google.ca,Male,4700.14,2000-06-10T00:00:00.000+01:00,USD
109,Jude Frohock,jfrohock30@g.co,Male,4155.74,2005-01-27T00:00:00.000Z,USD
110,Margalit Gradwell,mgradwell31@va.gov,Female,5107.15,2006-01-02T00:00:00.000Z,USD
111,Mignonne Gentery,"",Female,5709.46,1996-04-30T00:00:00.000+01:00,USD
112,Edith Matula,ematula33@jugem.jp,Female,4713.45,1988-11-29T00:00:00.000Z,USD
113,Gian Enochsson,genochsson34@simplemachines.org,Non-binary,5674.71,1990-04-27T00:00:00.000+01:00,USD
114,Mendie Coultish,mcoultish35@walmart.com,Genderfluid,4061.68,1986-02-18T00:00:00.000Z,USD
115,Levin McFarlane,lmcfarlane36@macromedia.com,Polygender,2828.2,1994-05-24T00:00:00.000+01:00,USD
116,Vasilis Canedo,vcanedo37@mediafire.com,Male,5333.57,1996-12-05T00:00:00.000Z,EUR
117,Matthew Gjerde,mgjerde38@blogger.com,Bigender,6168.22,2001-03-26T00:00:00.000+01:00,EUR
118,Claudell Rayner,crayner39@friendfeed.com,Male,7355.33,1996-03-25T00:00:00.000Z,USD
119,Niall Sackur,nsackur3a@guardian.co.uk,Male,8817.25,1995-08-16T00:00:00.000+01:00,USD
120,Elfie Dicke,edicke3b@archive.org,Polygender,4440.82,2002-11-23T00:00:00.000Z,USD
121,Ly Babb,lbabb3c@dmoz.org,Male,5383.0,2000-02-23T00:00:00.000Z,USD
122,Lishe Stoneman,lstoneman3d@printfriendly.com,Genderfluid,6530.43,1990-03-06T00:00:00.000Z,USD
123,Melinda Snarie,msnarie3e@cdc.gov,Female,1602.53,1988-06-23T00:00:00.000+01:00,USD
124,Nicolis Parfrey,nparfrey3f@va.gov,Male,6313.55,1984-07-01T00:00:00.000+01:00,USD
125,Lorraine Shelmardine,lshelmardine3g@ebay.co.uk,Female,353.16,1998-05-16T00:00:00.000+01:00,USD
126,Simona Antonsson,santonsson3h@google.cn,Female,3096.08,1995-10-23T00:00:00.000Z,USD
127,Lula Gabbett,lgabbett3i@netscape.com,Female,2816.51,1985-08-21T00:00:00.000+01:00,USD
128,Judie Slader,jslader3j@salon.com,Female,5514.08,1992-08-16T00:00:00.000+01:00,USD
129,Dwight Sharratt,dsharratt3k@freewebs.com,Male,2905.74,1992-08-28T00:00:00.000+01:00,USD
130,Sarine Genner,sgenner3l@vinaora.com,Female,2978.99,1988-08-23T00:00:00.000+01:00,USD
131,Jacobo Heyns,jheyns3m@alexa.com,Male,6604.38,1984-11-07T00:00:00.000Z,USD
132,Daron Castelluzzi,dcastelluzzi3n@ow.ly,Male,6005.81,1988-09-26T00:00:00.000+01:00,USD
133,Giorgio Rubin,grubin3o@yahoo.co.jp,Male,4821.32,2005-02-27T00:00:00.000Z,USD
134,Dot Josef,djosef3p@hibu.com,Female,5747.98,2001-03-11T00:00:00.000Z,USD
135,Pennie Nolleau,pnolleau3q@constantcontact.com,Female,2418.76,1999-07-27T00:00:00.000+01:00,USD
136,Juan Sigg,jsigg3r@imgur.com,Male,2304.32,1987-05-12T00:00:00.000+01:00,USD
137,Victoir Bawdon,vbawdon3s@twitpic.com,Male,6991.08,2002-09-23T00:00:00.000+01:00,USD
138,Madge Bann,mbann3t@infoseek.co.jp,Female,8546.39,1996-05-30T00:00:00.000+01:00,USD
139,Andy Beange,abeange3u@intel.com,Male,4538.48,1996-04-20T00:00:00.000+01:00,USD
140,Marga Ballintyne,mballintyne3v@virginia.edu,Non-binary,5966.07,1995-12-19T00:00:00.000Z,USD
141,Hollyanne Flaws,hflaws3w@posterous.com,Bigender,1690.29,2004-11-24T00:00:00.000Z,USD
142,Keri Stachini,kstachini3x@unicef.org,Genderfluid,3904.69,1993-03-24T00:00:00.000Z,USD
143,Land Spavins,lspavins3y@yolasite.com,Male,7451.58,1983-05-26T00:00:00.000+01:00,USD
144,Annabell Klawi,aklawi3z@statcounter.com,Female,4502.75,1991-04-24T00:00:00.000+01:00,EUR
145,Kacie Mawman,kmawman40@skype.com,Polygender,4441.82,1996-12-20T00:00:00.000Z,USD
146,Matthus Pobjoy,mpobjoy41@de.vu,Male,2371.66,2001-09-11T00:00:00.000+01:00,USD
147,Linda Kusick,"",Female,8293.14,1990-05-04T00:00:00.000+01:00,USD
148,Charlene Thewless,cthewless43@usatoday.com,Female,5463.58,2006-10-03T00:00:00.000+01:00,USD
149,Sutherland Matches,smatches44@blinklist.com,Male,3729.22,1987-11-28T00:00:00.000Z,USD
150,Nicolea Hambrook,nhambrook45@google.com.hk,Female,1388.62,1995-11-01T00:00:00.000Z,USD
151,Brade Colicot,bcolicot46@bizjournals.com,Male,5658.28,2005-12-26T00:00:00.000Z,EUR
152,Lonna Elsworth,lelsworth47@youku.com,Female,5086.96,2002-08-05T00:00:00.000+01:00,USD
153,Josefina Fautley,jfautley48@samsung.com,Female,7932.1,2001-03-27T00:00:00.000+01:00,EUR
154,August Coultass,acoultass49@netvibes.com,Male,3286.77,2001-08-18T00:00:00.000+01:00,USD
155,Gawain Brayshay,gbrayshay4a@exblog.jp,Polygender,632.61,1989-07-03T00:00:00.000+01:00,USD
156,Hakeem Arnson,harnson4b@g.co,Agender,5707.55,1988-05-21T00:00:00.000+01:00,USD
157,Corrinne Sworn,"",Female,3943.13,2008-01-15T00:00:00.000Z,USD
158,Lanie Balden,lbalden4d@w3.org,Male,4816.95,1997-06-28T00:00:00.000+01:00,USD
159,Lauren Pittwood,lpittwood4e@mapy.cz,Male,7303.65,1999-11-12T00:00:00.000Z,USD
160,Gavin Capnerhurst,gcapnerhurst4f@cbc.ca,Male,8398.86,1993-12-27T00:00:00.000Z,USD
161,Rolph Rutley,"",Male,7400.06,2001-04-03T00:00:00.000+01:00,USD
162,Jacques Strawbridge,jstrawbridge4h@wiley.com,Male,4207.24,1993-05-04T00:00:00.000+01:00,USD
163,Audry Howle,ahowle4i@slashdot.org,Female,2850.9,1994-08-23T00:00:00.000+01:00,USD
164,Cherrita Lockier,"",Female,2984.3,1997-10-02T00:00:00.000+01:00,USD
165,Ximenes Toffetto,xtoffetto4k@oracle.com,Male,6709.71,1986-08-13T00:00:00.000+01:00,USD
166,Donnamarie Hallsworth,dhallsworth4l@seesaa.net,Polygender,5061.3,2002-04-21T00:00:00.000+01:00,USD
167,Kelvin Lilleman,klilleman4m@163.com,Male,6133.76,1984-05-04T00:00:00.000+01:00,USD
168,Atlanta Luffman,"",Female,4640.39,1982-04-06T00:00:00.000+01:00,USD
169,Doy Dodswell,ddodswell4o@guardian.co.uk,Male,3262.72,2001-09-09T00:00:00.000+01:00,USD
170,Christian Blest,cblest4p@tripod.com,Female,1506.02,1986-04-18T00:00:00.000+01:00,USD
171,Phylys Glasman,pglasman4q@php.net,Female,4411.25,1986-01-18T00:00:00.000Z,USD
172,Madelene Stichall,mstichall4r@cbc.ca,Female,5434.64,1982-08-14T00:00:00.000+01:00,USD
173,Alic Ramiro,aramiro4s@goodreads.com,Male,3393.95,1986-03-15T00:00:00.000Z,USD
174,Chelsey Pedler,"",Female,5157.19,1981-06-07T00:00:00.000+01:00,EUR
175,Carmelia Beven,cbeven4u@geocities.com,Female,2907.27,1987-03-24T00:00:00.000Z,EUR
176,Elvira Rapport,erapport4v@google.it,Female,1984.74,2002-05-01T00:00:00.000+01:00,USD
177,Truda Peck,tpeck4w@oracle.com,Polygender,3073.9,1990-12-07T00:00:00.000Z,USD
178,Drucie Huffey,dhuffey4x@odnoklassniki.ru,Female,7442.87,1989-06-23T00:00:00.000+01:00,USD
179,Cathrin Blunt,cblunt4y@google.cn,Female,1924.03,2002-07-13T00:00:00.000+01:00,USD
180,Eldon Angear,eangear4z@apache.org,Male,4469.3,2007-03-03T00:00:00.000Z,USD
181,Manny Chappelle,mchappelle50@phpbb.com,Male,3496.66,1986-08-21T00:00:00.000+01:00,USD
182,Langston Laguerre,llaguerre51@usgs.gov,Male,6300.5,1986-11-03T00:00:00.000Z,USD
183,Janot Worms,jworms52@bizjournals.com,Female,4181.55,2006-06-17T00:00:00.000+01:00,USD
184,Ingrim Marusik,imarusik53@bizjournals.com,Agender,1827.25,1991-04-04T00:00:00.000+01:00,USD
185,Geri Gehringer,ggehringer54@bing.com,Male,5449.5,1998-08-24T00:00:00.000+01:00,USD
186,Merrill Olenin,molenin55@tiny.cc,Male,4009.09,2004-06-07T00:00:00.000+01:00,USD
187,Ashia Spracklin,aspracklin56@istockphoto.com,Female,6415.84,1991-01-21T00:00:00.000Z,USD
188,Reinhold Handyside,rhandyside57@example.com,Male,5778.62,1991-08-03T00:00:00.000+01:00,USD
189,Kenny Manuele,kmanuele58@newsvine.com,Male,4500.77,1992-05-08T00:00:00.000+01:00,USD
190,Adelheid Gentil,agentil59@salon.com,Female,3985.13,1997-03-06T00:00:00.000Z,USD
191,Yoshiko Wolfart,ywolfart5a@nih.gov,Female,1517.01,1998-04-10T00:00:00.000+01:00,USD
192,Juliane Petican,jpetican5b@google.co.uk,Polygender,2637.66,2007-06-27T00:00:00.000+01:00,USD
193,Alyosha Kirvell,akirvell5c@umn.edu,Male,4033.72,1987-08-28T00:00:00.000+01:00,USD
194,Goober Anthoine,ganthoine5d@telegraph.co.uk,Male,2500.9,2001-06-17T00:00:00.000+01:00,USD
195,Liliane Hawkeswood,lhawkeswood5e@wikispaces.com,Female,3754.0,2000-08-19T00:00:00.000+01:00,EUR
196,Shelba Sutcliffe,ssutcliffe5f@gravatar.com,Female,4898.65,1986-02-10T00:00:00.000Z,EUR
197,Randee Brenston,rbrenston5g@nih.gov,Female,7246.8,1983-05-03T00:00:00.000+01:00,EUR
198,Mill Juett,"",Male,5515.58,1982-03-16T00:00:00.000Z,EUR
199,Neil Skentelbery,nskentelbery5i@deviantart.com,Male,5450.23,1987-06-07T00:00:00.000+01:00,USD
200,Dana Camm,dcamm5j@pcworld.com,Female,3200.65,1982-05-04T00:00:00.000+01:00,USD
201,Jules Cranson,jcranson5k@jugem.jp,Male,7198.86,2003-02-06T00:00:00.000Z,USD
202,Peterus McKeurton,pmckeurton5l@simplemachines.org,Genderqueer,5321.57,1992-12-12T00:00:00.000Z,USD
203,Silvanus Dressel,sdressel5m@mozilla.com,Male,9746.53,1999-06-07T00:00:00.000+01:00,USD
204,Lynelle Junkison,ljunkison5n@nsw.gov.au,Female,3677.16,1997-05-26T00:00:00.000+01:00,USD
205,Cirillo Hartford,"",Male,2624.32,1991-08-09T00:00:00.000+01:00,USD
206,Edmon Haddock,ehaddock5p@liveinternet.ru,Male,7480.07,1997-03-20T00:00:00.000Z,USD
207,Bryanty Lock,block5q@nydailynews.com,Male,2198.3,1984-04-23T00:00:00.000+01:00,USD
208,Traci Parr,tparr5r@independent.co.uk,Non-binary,4275.56,1985-07-01T00:00:00.000+01:00,EUR
209,Quintin McGowing,"",Male,5447.86,1996-07-12T00:00:00.000+01:00,EUR
210,Jermayne Rain,jrain5t@creativecommons.org,Male,4593.78,1999-03-04T00:00:00.000Z,USD
211,Wilmar Ausello,wausello5u@telegraph.co.uk,Male,2391.33,2007-06-25T00:00:00.000+01:00,EUR
212,Dalila Blackboro,dblackboro5v@taobao.com,Female,5326.57,1987-02-05T00:00:00.000Z,USD
213,Melodie Caldera,mcaldera5w@aol.com,Female,7667.04,2005-12-10T00:00:00.000Z,USD
214,Harland Dye,hdye5x@guardian.co.uk,Male,682.36,2001-10-01T00:00:00.000+01:00,USD
215,Irma Phaup,iphaup5y@merriam-webster.com,Female,2806.39,1997-05-28T00:00:00.000+01:00,USD
216,Arney Matuszewski,amatuszewski5z@huffingtonpost.com,Male,2796.81,2005-11-08T00:00:00.000Z,USD
217,Cordelia Creeghan,ccreeghan60@paginegialle.it,Female,5255.75,1983-05-19T00:00:00.000+01:00,EUR
218,Siffre Rew,srew61@studiopress.com,Male,2324.85,2006-03-14T00:00:00.000Z,USD
219,Harbert Gaywood,hgaywood62@wired.com,Male,5716.3,1983-05-26T00:00:00.000+01:00,USD
220,Matthew Bergen,mbergen63@macromedia.com,Male,4395.15,2005-10-02T00:00:00.000+01:00,USD
221,Ferdy Ferrieres,fferrieres64@ezinearticles.com,Male,1510.85,1998-02-20T00:00:00.000Z,USD
222,Ezequiel Sturley,esturley65@ovh.net,Male,5910.36,2004-10-12T00:00:00.000+01:00,USD
223,Tremaine Kaye,tkaye66@upenn.edu,Male,7808.08,1998-01-22T00:00:00.000Z,EUR
224,Clemmie Sturdey,csturdey67@foxnews.com,Male,6868.34,1986-05-03T00:00:00.000+01:00,USD
225,Griffy McLise,gmclise68@slashdot.org,Male,6498.69,1999-12-08T00:00:00.000Z,USD
226,Florry Gethouse,fgethouse69@soundcloud.com,Polygender,6158.4,2004-10-20T00:00:00.000+01:00,EUR
227,Reagen Clitsome,rclitsome6a@g.co,Male,2870.41,2001-09-19T00:00:00.000+01:00,USD
228,Troy Larrat,tlarrat6b@360.cn,Male,5461.56,1994-12-22T00:00:00.000Z,USD
229,Briant Sweetmore,bsweetmore6c@bigcartel.com,Agender,5188.44,2002-10-27T00:00:00.000+01:00,USD
230,Kaile Ripsher,kripsher6d@1und1.de,Female,6141.38,1988-10-29T00:00:00.000Z,USD
231,Deny Mintram,dmintram6e@wp.com,Female,4664.27,1994-09-28T00:00:00.000+01:00,USD
232,Maren Curbishley,mcurbishley6f@tripod.com,Female,6134.68,1995-10-12T00:00:00.000+01:00,USD
233,Ilka Jeggo,"",Female,5161.97,2004-10-01T00:00:00.000+01:00,USD
234,Merrill Gerckens,"",Female,4226.95,1998-04-01T00:00:00.000+01:00,USD
235,Hewitt Semens,"",Male,5772.11,1987-03-09T00:00:00.000Z,USD
236,Ashia Airy,aairy6j@mit.edu,Non-binary,5653.36,1995-12-28T00:00:00.000Z,EUR
237,Layne Harewood,lharewood6k@harvard.edu,Female,3403.84,1986-08-24T00:00:00.000+01:00,USD
238,Godfree Aluard,galuard6l@tiny.cc,Male,3664.59,1983-02-14T00:00:00.000Z,USD
239,Riley Ryce,rryce6m@t-online.de,Male,9448.9,1990-07-12T00:00:00.000+01:00,USD
240,Terra McQuilkin,tmcquilkin6n@myspace.com,Female,1599.99,2002-01-14T00:00:00.000Z,USD
241,Rozalin Giblin,"",Female,3910.09,1985-05-14T00:00:00.000+01:00,USD
242,Valeda Auchinleck,vauchinleck6p@blogger.com,Female,5425.22,1983-09-21T00:00:00.000+01:00,EUR
243,Kellsie Goman,kgoman6q@blogger.com,Female,5162.88,1997-02-02T00:00:00.000Z,EUR
244,Alberto Miliffe,amiliffe6r@mit.edu,Male,6664.95,1998-06-10T00:00:00.000+01:00,USD
245,Allene Duchasteau,aduchasteau6s@desdev.cn,Female,3619.5,1992-04-14T00:00:00.000+01:00,USD
246,Odelia Benez,obenez6t@samsung.com,Female,4730.66,1987-03-21T00:00:00.000Z,USD
247,Philis Grigorian,pgrigorian6u@topsy.com,Female,1058.63,1998-02-15T00:00:00.000Z,EUR
248,Earl Addyman,"",Male,5794.6,1995-03-13T00:00:00.000Z,USD
249,Adoree Pygott,apygott6w@ask.com,Female,2064.34,2005-06-11T00:00:00.000+01:00,USD
250,Guinevere Glyssanne,"",Female,4296.6,1996-12-29T00:00:00.000Z,USD
251,Weber Taree,wtaree6y@arizona.edu,Male,9030.97,1983-06-18T00:00:00.000+01:00,USD
252,Zach Burnsyde,zburnsyde6z@tripadvisor.com,Polygender,5368.13,1986-10-10T00:00:00.000+01:00,USD
253,Darbie Meatyard,dmeatyard70@google.de,Female,4272.94,1982-08-05T00:00:00.000+01:00,USD
254,Jarrad Maylott,jmaylott71@google.ca,Male,3403.48,1988-03-24T00:00:00.000Z,USD
255,Owen Ratter,oratter72@bloglines.com,Male,4300.17,1987-05-21T00:00:00.000+01:00,USD
256,Isadora Dever,idever73@virginia.edu,Female,2670.17,1993-11-23T00:00:00.000Z,USD
257,Delcina Ibbott,dibbott74@netscape.com,Female,12458.79,1992-12-09T00:00:00.000Z,EUR
258,Jerrome Ilyukhov,jilyukhov75@newyorker.com,Male,6353.36,1998-06-15T00:00:00.000+01:00,USD
259,Crosby Darco,cdarco76@yandex.ru,Male,1973.59,1991-07-01T00:00:00.000+01:00,USD
260,Avis Miroy,amiroy77@ameblo.jp,Bigender,5505.57,1994-10-17T00:00:00.000+01:00,USD
261,Luce McEwan,lmcewan78@facebook.com,Female,4001.8,1985-12-24T00:00:00.000Z,USD
262,Armin Raysdale,araysdale79@redcross.org,Male,4817.17,2005-08-07T00:00:00.000+01:00,USD
263,Sherilyn Chessil,schessil7a@reddit.com,Female,3995.21,1988-05-02T00:00:00.000+01:00,USD
264,Huntlee Simanenko,hsimanenko7b@soundcloud.com,Male,2535.49,1997-03-24T00:00:00.000Z,USD
265,Janine Riguard,"",Female,4921.19,1995-01-11T00:00:00.000Z,USD
266,Lorry Marnane,lmarnane7d@eventbrite.com,Male,4908.79,1996-08-11T00:00:00.000+01:00,USD
267,Dewitt McPeck,dmcpeck7e@bloglovin.com,Male,6668.29,1982-05-31T00:00:00.000+01:00,USD
268,Elton Northidge,enorthidge7f@livejournal.com,Male,5410.65,1991-04-12T00:00:00.000+01:00,USD
269,Mari Terbrugge,mterbrugge7g@angelfire.com,Female,5792.2,1998-10-10T00:00:00.000+01:00,USD
270,Malinda McNellis,mmcnellis7h@tripod.com,Female,2210.35,1993-09-10T00:00:00.000+01:00,USD
271,Sara-ann Espine,sespine7i@so-net.ne.jp,Genderfluid,2808.52,1984-07-11T00:00:00.000+01:00,USD
272,Giles Marquand,gmarquand7j@dion.ne.jp,Male,10546.38,2007-07-09T00:00:00.000+01:00,USD
273,Robbert Esche,resche7k@hao123.com,Male,3297.85,2005-01-04T00:00:00.000Z,USD
274,Shana O'Logan,sologan7l@photobucket.com,Bigender,8272.41,2005-08-29T00:00:00.000+01:00,USD
275,Wendye Labin,wlabin7m@dyndns.org,Female,3766.48,1984-05-29T00:00:00.000+01:00,EUR
276,Berny Fronsek,bfronsek7n@blogs.com,Male,8793.22,2007-10-14T00:00:00.000+01:00,USD
277,Gare Charity,"",Male,5973.22,1989-01-09T00:00:00.000Z,USD
278,Ainslie Eldon,aeldon7p@google.fr,Female,2527.55,2000-08-02T00:00:00.000+01:00,EUR
279,Demeter Allenby,dallenby7q@fema.gov,Female,411.11,1987-10-06T00:00:00.000+01:00,USD
280,Meridel Thomelin,mthomelin7r@vinaora.com,Genderfluid,6912.0,2003-09-26T00:00:00.000+01:00,USD
281,Kitty Fayne,kfayne7s@networksolutions.com,Female,2434.64,1992-04-17T00:00:00.000+01:00,USD
282,Dorri Muscott,dmuscott7t@comcast.net,Female,871.68,1986-06-28T00:00:00.000+01:00,EUR
283,Sally Dyke,sdyke7u@smh.com.au,Female,2143.86,2003-06-16T00:00:00.000+01:00,USD
284,Nananne Aumerle,naumerle7v@umn.edu,Female,2211.6,1994-05-11T00:00:00.000+01:00,USD
285,Kissee Babbs,kbabbs7w@storify.com,Female,2554.91,1999-11-24T00:00:00.000Z,USD
286,Iain Polly,ipolly7x@addthis.com,Male,5982.91,2004-03-13T00:00:00.000Z,USD
287,Lana Paff,lpaff7y@cafepress.com,Female,3009.62,1985-03-10T00:00:00.000Z,USD
288,Georgianna Lyfield,glyfield7z@cpanel.net,Female,7798.53,1999-04-01T00:00:00.000+01:00,USD
289,Leeann Britt,lbritt80@webnode.com,Female,5854.11,1985-03-11T00:00:00.000Z,USD
290,Karie Lattos,klattos81@ihg.com,Female,3955.42,1985-07-28T00:00:00.000+01:00,USD
291,Cort Cotterrill,ccotterrill82@ocn.ne.jp,Male,4210.74,1990-05-15T00:00:00.000+01:00,USD
292,Andromache Litt,alitt83@surveymonkey.com,Female,5381.43,2002-08-29T00:00:00.000+01:00,USD
293,Jan Di Antonio,"",Male,4857.91,1991-03-27T00:00:00.000Z,USD
294,Homere Raffeorty,hraffeorty85@ezinearticles.com,Male,-164.63,2005-09-02T00:00:00.000+01:00,USD
295,Ahmad Faraday,afaraday86@hhs.gov,Male,3221.18,1991-08-30T00:00:00.000+01:00,EUR
296,Lucho Brotherhood,lbrotherhood87@arizona.edu,Male,6594.31,1996-03-20T00:00:00.000Z,USD
297,Uriah Lambole,ulambole88@icq.com,Male,3816.88,2000-08-26T00:00:00.000+01:00,USD
298,Arvy Leverage,aleverage89@prnewswire.com,Male,1946.59,1989-07-21T00:00:00.000+01:00,USD
299,Wallie Jerrard,"",Female,7989.91,1985-01-27T00:00:00.000Z,USD
300,Mehetabel Armatidge,marmatidge8b@tumblr.com,Female,1980.73,1985-12-08T00:00:00.000Z,EUR
301,Pen Landells,plandells8c@fastcompany.com,Female,5471.48,2005-01-20T00:00:00.000Z,USD
302,Emalia Malthouse,"",Agender,5193.03,1993-09-21T00:00:00.000+01:00,EUR
303,Violante Heskin,"",Female,5553.28,1981-05-26T00:00:00.000+01:00,USD
304,Marguerite Ismail,"",Female,7754.5,2003-08-29T00:00:00.000+01:00,USD
305,Bryon Nield,bnield8g@yale.edu,Male,6014.39,2001-07-19T00:00:00.000+01:00,USD
306,Kingston Ferreri,kferreri8h@nature.com,Male,7279.43,1985-03-08T00:00:00.000Z,USD
307,Natka Siemianowicz,nsiemianowicz8i@scribd.com,Female,3776.99,2005-12-28T00:00:00.000Z,USD
308,Vitia Deevey,vdeevey8j@twitpic.com,Female,6712.14,1996-12-14T00:00:00.000Z,EUR
309,Alethea Bollands,abollands8k@newyorker.com,Female,5780.56,2004-12-10T00:00:00.000Z,USD
310,Colman Gatteridge,cgatteridge8l@shinystat.com,Male,2735.54,1991-05-19T00:00:00.000+01:00,USD
311,Sigismond McTrustrie,smctrustrie8m@nbcnews.com,Genderqueer,4867.24,2002-12-06T00:00:00.000Z,USD
312,Blondell Swiffan,"",Female,8230.41,1981-01-11T00:00:00.000Z,USD
313,Eduardo Pleager,epleager8o@cisco.com,Male,5169.54,2003-07-27T00:00:00.000+01:00,USD
314,Gardner Saberton,gsaberton8p@boston.com,Male,4665.95,1987-04-16T00:00:00.000+01:00,USD
315,Pen Burdas,pburdas8q@kickstarter.com,Male,2023.23,1981-01-16T00:00:00.000Z,USD
316,Aleta Parkey,aparkey8r@hostgator.com,Female,3494.49,1989-08-20T00:00:00.000+01:00,USD
317,Levey Midden,lmidden8s@typepad.com,Male,3877.16,1999-08-13T00:00:00.000+01:00,USD
318,Oliviero Dureden,odureden8t@tinypic.com,Male,890.49,1996-03-10T00:00:00.000Z,USD
319,Gerry Kermon,gkermon8u@google.com.au,Male,4219.14,1981-10-11T00:00:00.000+01:00,USD
320,Graham Aldrin,galdrin8v@i2i.jp,Male,6866.68,1984-04-07T00:00:00.000+01:00,USD
321,Victoir Bartul,vbartul8w@freewebs.com,Male,7520.61,2000-03-03T00:00:00.000Z,EUR
322,Cobby Adelman,"",Male,6150.97,1995-02-14T00:00:00.000Z,USD
323,Tanny Cruden,tcruden8y@blogs.com,Male,3143.58,1981-03-27T00:00:00.000Z,USD
324,Gardy Bateman,gbateman8z@sohu.com,Male,5231.57,1982-11-03T00:00:00.000Z,USD
325,Verena Kimmince,vkimmince90@howstuffworks.com,Female,2937.25,1996-02-23T00:00:00.000Z,USD
326,Tom Blastock,"",Male,5368.26,2006-12-11T00:00:00.000Z,USD
327,Ardis Vasyukhichev,avasyukhichev92@free.fr,Female,4094.44,2007-03-25T00:00:00.000Z,USD
328,Virginia Sarver,vsarver93@cdbaby.com,Female,4695.8,1988-07-03T00:00:00.000+01:00,USD
329,Simonette Hulstrom,shulstrom94@stumbleupon.com,Female,7115.65,1988-08-29T00:00:00.000+01:00,USD
330,Aluino Terbeek,aterbeek95@goo.ne.jp,Male,7747.23,1994-03-15T00:00:00.000Z,USD
331,Lily Rembrant,lrembrant96@springer.com,Female,6020.69,1986-03-24T00:00:00.000Z,USD
332,Lorenza Kennelly,lkennelly97@facebook.com,Female,7838.6,1994-11-26T00:00:00.000Z,USD
333,Mycah Bindley,mbindley98@goodreads.com,Male,4754.2,1992-03-18T00:00:00.000Z,USD
334,Ki Geroldini,kgeroldini99@a8.net,Female,3245.88,1995-06-03T00:00:00.000+01:00,USD
335,Evelin Grocott,egrocott9a@bbc.co.uk,Male,3599.29,1996-02-11T00:00:00.000Z,USD
336,Ingamar Cohr,icohr9b@nhs.uk,Male,3281.74,2004-09-17T00:00:00.000+01:00,EUR
337,Nicolina Worpole,nworpole9c@tamu.edu,Female,4420.77,2007-10-20T00:00:00.000+01:00,USD
338,Anjela Lewing,alewing9d@creativecommons.org,Female,2689.63,1986-11-23T00:00:00.000Z,USD
339,Sheila-kathryn Seak,sseak9e@yellowbook.com,Female,2224.43,2004-08-06T00:00:00.000+01:00,USD
340,Donelle MacBarron,dmacbarron9f@freewebs.com,Female,2701.49,1987-03-26T00:00:00.000Z,USD
341,Ron Gye,rgye9g@ftc.gov,Male,3568.73,1985-01-17T00:00:00.000Z,USD
342,Derwin Mulmuray,dmulmuray9h@wordpress.com,Male,7883.93,1982-05-21T00:00:00.000+01:00,EUR
343,Davis Ibert,dibert9i@tiny.cc,Male,6494.74,1986-07-27T00:00:00.000+01:00,USD
344,Dominik Shilstone,dshilstone9j@deliciousdays.com,Male,3315.8,2007-08-12T00:00:00.000+01:00,USD
345,Jeannie Harteley,"",Agender,2447.57,1989-07-10T00:00:00.000+01:00,USD
346,Seymour Froment,sfroment9l@macromedia.com,Male,4525.76,1983-02-10T00:00:00.000Z,USD
347,Oliy Radclyffe,oradclyffe9m@eventbrite.com,Female,7312.55,2005-11-22T00:00:00.000Z,USD
348,Hillard Cosins,hcosins9n@blogtalkradio.com,Male,5370.61,1981-03-18T00:00:00.000Z,USD
349,Almeria Andrassy,aandrassy9o@state.gov,Female,4023.79,2001-02-23T00:00:00.000Z,USD
350,Nata Boote,nboote9p@parallels.com,Agender,6978.44,1995-03-30T00:00:00.000+01:00,EUR
351,Trista Ladd,tladd9q@yandex.ru,Female,407.8,1987-07-16T00:00:00.000+01:00,EUR
352,Berkeley MacNish,bmacnish9r@microsoft.com,Male,6284.31,1987-07-12T00:00:00.000+01:00,USD
353,Letta Llewelyn,lllewelyn9s@bizjournals.com,Female,3549.11,2002-09-08T00:00:00.000+01:00,USD
354,Georgiana Ullett,gullett9t@craigslist.org,Female,7018.61,1998-10-17T00:00:00.000+01:00,USD
355,Kenon Eades,keades9u@tinypic.com,Genderqueer,1238.59,1994-07-24T00:00:00.000+01:00,USD
356,Zaneta Bernardini,zbernardini9v@deviantart.com,Female,1924.39,1996-05-03T00:00:00.000+01:00,USD
357,Berti Styles,bstyles9w@marketwatch.com,Male,3855.34,1990-05-21T00:00:00.000+01:00,USD
358,Filip Grinham,fgrinham9x@mail.ru,Male,3852.81,1988-04-23T00:00:00.000+01:00,USD
359,Gearard Lodemann,glodemann9y@booking.com,Male,2229.0,2004-03-21T00:00:00.000Z,USD
360,Roselin Pettisall,rpettisall9z@illinois.edu,Female,7150.11,2006-12-01T00:00:00.000Z,USD
361,Cyril Grishanov,cgrishanova0@toplist.cz,Male,3455.01,1996-05-25T00:00:00.000+01:00,USD
362,Dallas Morad,dmorada1@latimes.com,Female,8743.2,2006-01-30T00:00:00.000Z,EUR
363,Dalli McNeigh,dmcneigha2@hexun.com,Male,4996.78,2006-09-07T00:00:00.000+01:00,USD
364,Verge Berston,vberstona3@typepad.com,Male,9755.19,1994-07-21T00:00:00.000+01:00,USD
365,Linus Bras,lbrasa4@youtube.com,Male,6705.18,2007-12-13T00:00:00.000Z,USD
366,Woodman Jauncey,wjaunceya5@vistaprint.com,Male,4280.35,1994-07-31T00:00:00.000+01:00,EUR
367,Patrick Anthona,panthonaa6@ycombinator.com,Male,3095.59,1995-04-14T00:00:00.000+01:00,USD
368,Jerrilyn Tawse,"",Female,3691.98,1987-01-20T00:00:00.000Z,USD
369,Corney McKeand,cmckeanda8@nyu.edu,Male,909.2,2001-11-23T00:00:00.000Z,USD
370,Kellina Paddemore,kpaddemorea9@sbwire.com,Bigender,6887.12,2001-04-20T00:00:00.000+01:00,USD
371,Braden Boughen,"",Male,7801.29,1991-11-06T00:00:00.000Z,USD
372,Ali Lynett,"",Polygender,3535.69,1986-11-11T00:00:00.000Z,USD
373,Robers Pecha,rpechaac@4shared.com,Male,1050.56,2003-06-06T00:00:00.000+01:00,USD
374,Poppy Coton,"",Female,6979.06,2002-12-19T00:00:00.000Z,USD
375,Dulcia Kollas,dkollasae@jugem.jp,Female,9133.54,1998-08-13T00:00:00.000+01:00,USD
376,Wade Lambrick,wlambrickaf@ebay.com,Male,1653.64,1984-06-17T00:00:00.000+01:00,EUR
377,Taddeo Bathersby,tbathersbyag@nasa.gov,Male,3382.77,2006-09-21T00:00:00.000+01:00,USD
378,Ted Elvy,"",Female,6658.45,1999-08-21T00:00:00.000+01:00,USD
379,Bambi Prandi,bprandiai@yellowpages.com,Female,6438.36,2000-04-19T00:00:00.000+01:00,USD
380,Gaylor Dahl,gdahlaj@devhub.com,Agender,3814.18,1994-03-17T00:00:00.000Z,USD
381,Sarita Bussen,sbussenak@netscape.com,Female,7763.79,2005-02-13T00:00:00.000Z,USD
382,Madelena Hunt,mhuntal@chron.com,Bigender,4144.7,2000-10-19T00:00:00.000+01:00,USD
383,Emylee Boutwell,eboutwellam@hc360.com,Female,3992.02,2001-12-28T00:00:00.000Z,USD
384,Thorndike Andriss,tandrissan@wp.com,Male,4630.72,1985-08-02T00:00:00.000+01:00,USD
385,Cherye Gallichan,cgallichanao@netlog.com,Female,4610.44,2005-06-16T00:00:00.000+01:00,USD
386,Teena Jeffress,tjeffressap@ow.ly,Female,2471.89,1992-11-05T00:00:00.000Z,USD
387,Shantee Levin,slevinaq@fc2.com,Bigender,5838.99,1981-11-18T00:00:00.000Z,USD
388,Angeline Conley,aconleyar@naver.com,Female,1426.16,1991-01-21T00:00:00.000Z,USD
389,Glynn Takkos,gtakkosas@house.gov,Male,3608.66,1989-11-12T00:00:00.000Z,USD
390,Franchot Vittel,fvittelat@cbc.ca,Male,5209.85,2005-09-22T00:00:00.000+01:00,USD
391,Lindsay Erdis,"",Male,3822.32,1984-02-01T00:00:00.000Z,USD
392,Marice Gammet,mgammetav@redcross.org,Female,4335.16,1985-06-22T00:00:00.000+01:00,EUR
393,Ruthy Marryatt,rmarryattaw@google.co.jp,Non-binary,7238.75,1997-01-02T00:00:00.000Z,USD
394,Blake De la Harpe,bdeax@booking.com,Male,3212.4,2005-10-09T00:00:00.000+01:00,USD
395,Lizzie Mowles,"",Female,6763.21,1990-04-23T00:00:00.000+01:00,USD
396,Matthias Cantle,"",Male,7212.81,2004-01-28T00:00:00.000Z,USD
397,Corilla Peealess,cpeealessb0@opera.com,Female,6620.77,1987-06-19T00:00:00.000+01:00,USD
398,Rikki Marquiss,rmarquissb1@mozilla.com,Male,7089.05,1997-05-25T00:00:00.000+01:00,USD
399,Roger Judkins,rjudkinsb2@theatlantic.com,Male,2647.0,2006-01-26T00:00:00.000Z,USD
400,Gallard Ingliby,ginglibyb3@mapquest.com,Male,3805.93,1990-11-03T00:00:00.000Z,USD
401,Ches Mellenby,cmellenbyb4@epa.gov,Male,4250.15,1984-08-21T00:00:00.000+01:00,USD
402,Ollie Wortman,"",Male,1401.28,1986-10-27T00:00:00.000Z,USD
403,Roderic Gamble,rgambleb6@dailymotion.com,Male,4265.83,2003-04-26T00:00:00.000+01:00,USD
404,Zack Easbie,zeasbieb7@phpbb.com,Male,3074.64,1992-06-05T00:00:00.000+01:00,EUR
405,Oby O'Corr,"",Male,3801.47,1999-06-23T00:00:00.000+01:00,USD
406,Branden Billingham,bbillinghamb9@netscape.com,Male,193.96,1985-04-25T00:00:00.000+01:00,USD
407,Britt Juan,"",Female,5020.92,1988-12-29T00:00:00.000Z,USD
408,Maximo Andrysek,mandrysekbb@shareasale.com,Male,5482.6,2001-11-23T00:00:00.000Z,USD
409,Silva Sharpley,ssharpleybc@yandex.ru,Female,1868.74,2001-11-29T00:00:00.000Z,USD
410,Tedmund Andriuzzi,tandriuzzibd@eventbrite.com,Male,6890.92,2002-11-20T00:00:00.000Z,USD
411,Keene Bonson,kbonsonbe@multiply.com,Male,4144.58,1990-06-23T00:00:00.000+01:00,USD
412,Buck Ninnoli,bninnolibf@nifty.com,Male,2496.38,2000-10-05T00:00:00.000+01:00,USD
413,Ortensia Shoebridge,oshoebridgebg@elegantthemes.com,Female,3733.52,2001-08-27T00:00:00.000+01:00,USD
414,Amie Wimlett,awimlettbh@hhs.gov,Female,2034.38,2003-05-21T00:00:00.000+01:00,USD
415,Roman Barwell,rbarwellbi@rediff.com,Male,4013.34,1990-09-09T00:00:00.000+01:00,USD
416,Carlie Warner,cwarnerbj@zdnet.com,Male,4449.21,1984-12-19T00:00:00.000Z,USD
417,Bettine Creed,bcreedbk@yelp.com,Female,6346.19,1989-03-03T00:00:00.000Z,USD
418,Neale Jozsika,njozsikabl@fc2.com,Male,7495.8,1981-01-19T00:00:00.000Z,USD
419,Kaleb Faccini,kfaccinibm@about.me,Male,5060.63,1987-07-17T00:00:00.000+01:00,USD
420,Reynold Kohneke,"",Male,3598.9,1996-12-31T00:00:00.000Z,USD
421,Koren Stonuary,kstonuarybo@google.ca,Female,5668.38,1995-03-26T00:00:00.000Z,USD
422,Chick Luxmoore,cluxmoorebp@bbb.org,Male,4652.78,2006-11-14T00:00:00.000Z,USD
423,Martica Eagland,meaglandbq@economist.com,Bigender,7736.23,1992-01-27T00:00:00.000Z,EUR
424,Inger Bodicam,ibodicambr@linkedin.com,Female,7824.15,1987-01-24T00:00:00.000Z,USD
425,Cal Peachment,cpeachmentbs@china.com.cn,Male,4385.86,2004-02-15T00:00:00.000Z,USD
426,Stanislas Chugg,"",Male,4638.89,2001-10-13T00:00:00.000+01:00,USD
427,Bealle Franses,bfransesbu@tumblr.com,Genderfluid,6203.98,2002-02-26T00:00:00.000Z,EUR
428,Tracie Selway,tselwaybv@scribd.com,Male,9514.54,1988-04-02T00:00:00.000+01:00,USD
429,Nada Kubacki,nkubackibw@archive.org,Female,4123.83,2006-09-30T00:00:00.000+01:00,USD
430,Jeanie Finney,jfinneybx@cnet.com,Female,2963.07,1982-01-17T00:00:00.000Z,USD
431,Babs Hedditeh,bhedditehby@timesonline.co.uk,Female,4528.8,1998-06-24T00:00:00.000+01:00,USD
432,Laurence MacFadden,lmacfaddenbz@nifty.com,Male,5913.05,1993-12-16T00:00:00.000Z,USD
433,Nariko Sleford,nslefordc0@hao123.com,Bigender,7294.38,2002-12-03T00:00:00.000Z,USD
434,Urbain Gauvin,ugauvinc1@google.cn,Male,5610.48,2003-09-13T00:00:00.000+01:00,USD
435,Glyn Stiebler,gstieblerc2@youtu.be,Female,4900.23,1982-11-04T00:00:00.000Z,USD
436,Ronnie Simak,"",Female,5602.6,1989-09-03T00:00:00.000+01:00,USD
437,Archy Muckeen,amuckeenc4@tinypic.com,Male,6860.68,1994-12-21T00:00:00.000Z,USD
438,Edna Isaksson,eisakssonc5@prweb.com,Female,7260.7,1997-11-03T00:00:00.000Z,EUR
439,Hiram Hadwen,hhadwenc6@tumblr.com,Male,3076.66,1992-11-15T00:00:00.000Z,USD
440,Fayina Dowry,fdowryc7@acquirethisname.com,Female,3534.36,1992-07-06T00:00:00.000+01:00,USD
441,Stearn Flohard,sflohardc8@over-blog.com,Male,2277.09,2003-03-05T00:00:00.000Z,USD
442,Samaria Scurrell,"",Female,2287.35,1982-02-17T00:00:00.000Z,USD
443,Lucy Sitford,lsitfordca@smugmug.com,Female,8172.28,1998-09-08T00:00:00.000+01:00,USD
444,Sander Poytress,"",Male,6621.37,1984-05-05T00:00:00.000+01:00,USD
445,Maggie Tremathack,mtremathackcc@state.gov,Female,3966.05,2007-05-19T00:00:00.000+01:00,USD
446,Bev Caulfield,bcaulfieldcd@yellowpages.com,Female,5213.89,1988-05-22T00:00:00.000+01:00,USD
447,Micki Schermick,mschermickce@uol.com.br,Female,3675.3,1990-01-21T00:00:00.000Z,USD
448,Milli Rout,mroutcf@techcrunch.com,Female,4854.9,2007-05-05T00:00:00.000+01:00,USD
449,Krishna Scoggan,kscoggancg@timesonline.co.uk,Male,5190.11,2005-04-08T00:00:00.000+01:00,USD
450,Maia MacDowal,mmacdowalch@yellowbook.com,Genderqueer,3297.65,2007-04-21T00:00:00.000+01:00,USD
451,Caz Bouskill,cbouskillci@csmonitor.com,Male,3817.56,1995-06-20T00:00:00.000+01:00,USD
452,Paxon Galer,pgalercj@wordpress.com,Male,1839.4,2002-03-31T00:00:00.000Z,USD
453,Maddalena Sleney,msleneyck@businessinsider.com,Female,3483.29,1994-12-17T00:00:00.000Z,USD
454,Angelia Deeble,adeeblecl@live.com,Female,2263.18,1984-11-19T00:00:00.000Z,USD
455,Claybourne Delbergue,cdelberguecm@engadget.com,Polygender,6430.93,2002-06-08T00:00:00.000+01:00,USD
456,Melodee Frank,mfrankcn@tripod.com,Female,1355.15,1990-01-15T00:00:00.000Z,USD
457,Bianca Jacqueminet,bjacqueminetco@google.co.jp,Female,8521.46,1987-10-02T00:00:00.000+01:00,USD
458,Kaylee Olijve,kolijvecp@macromedia.com,Female,5141.06,2004-04-30T00:00:00.000+01:00,USD
459,Vonni Handover,vhandovercq@wired.com,Female,5360.58,2001-08-23T00:00:00.000+01:00,USD
460,Justus Joberne,"",Male,4300.9,2001-02-14T00:00:00.000Z,USD
461,Harley Tooke,htookecs@discovery.com,Female,3057.16,1983-10-29T00:00:00.000Z,USD
462,Gabie Blundon,gblundonct@storify.com,Male,3141.67,1987-12-21T00:00:00.000Z,USD
463,Angelika Latey,alateycu@nature.com,Female,4474.43,1998-05-21T00:00:00.000+01:00,USD
464,Avery Ducaen,aducaencv@dailymotion.com,Agender,4666.28,2002-11-02T00:00:00.000Z,USD
465,Tait Perin,tperincw@seesaa.net,Male,2782.22,1986-07-18T00:00:00.000+01:00,USD
466,Alisha Van der Krui,avancx@ebay.co.uk,Female,7828.01,2004-05-23T00:00:00.000+01:00,USD
467,Giavani Bernardeschi,"",Male,4690.55,1993-04-22T00:00:00.000+01:00,USD
468,Ashby Carlisle,acarlislecz@sina.com.cn,Male,3015.86,2001-10-21T00:00:00.000+01:00,USD
469,Sinclare Haibel,shaibeld0@bluehost.com,Male,7284.2,1997-03-02T00:00:00.000Z,USD
470,Noah Skottle,nskottled1@sourceforge.net,Male,4057.43,1997-12-16T00:00:00.000Z,USD
471,Maryellen Spradbery,mspradberyd2@wix.com,Female,6882.56,1991-07-10T00:00:00.000+01:00,USD
472,Kristo Drejer,kdrejerd3@wikipedia.org,Male,3755.04,1985-02-05T00:00:00.000Z,USD
473,Winona Risebarer,wrisebarerd4@list-manage.com,Female,4076.92,2002-09-28T00:00:00.000+01:00,USD
474,Aggie enzley,aenzleyd5@auda.org.au,Female,8736.19,2000-02-29T00:00:00.000Z,USD
475,Darren Balducci,dbalduccid6@wufoo.com,Male,3563.25,1993-10-23T00:00:00.000+01:00,USD
476,Marcello Drance,mdranced7@samsung.com,Male,2390.82,2003-04-02T00:00:00.000+01:00,USD
477,Cassey Moxley,cmoxleyd8@oracle.com,Female,55.02,2002-06-27T00:00:00.000+01:00,USD
478,Diannne Burt,dburtd9@vistaprint.com,Female,4754.02,1986-02-09T00:00:00.000Z,USD
479,Carr Eliez,celiezda@fda.gov,Male,7336.69,2002-11-01T00:00:00.000Z,USD
480,Gerta Clemow,gclemowdb@github.com,Female,3629.59,1996-12-03T00:00:00.000Z,EUR
481,Esta St Pierre,estdc@etsy.com,Female,2563.86,1988-02-01T00:00:00.000Z,USD
482,Joycelin Pibworth,jpibworthdd@theguardian.com,Female,-653.85,1997-03-04T00:00:00.000Z,USD
483,Giselle Cowap,"",Female,2488.61,1995-06-25T00:00:00.000+01:00,USD
484,Hermy Bacchus,hbacchusdf@elegantthemes.com,Male,3362.25,2003-08-04T00:00:00.000+01:00,USD
485,Simeon Toovey,"",Male,3160.32,1988-04-16T00:00:00.000+01:00,USD
486,Valentina Sawdon,vsawdondh@altervista.org,Female,6132.98,1993-11-15T00:00:00.000Z,USD
487,Francois Santello,fsantellodi@nbcnews.com,Male,3474.75,1998-11-08T00:00:00.000Z,USD
488,Sergeant Betteson,sbettesondj@adobe.com,Male,1618.14,1989-11-29T00:00:00.000Z,USD
489,Fielding Spelman,fspelmandk@51.la,Male,813.04,1988-11-11T00:00:00.000Z,USD
490,Shea Appleyard,sappleyarddl@technorati.com,Male,4509.43,1996-11-11T00:00:00.000Z,USD
491,Brooke Dorracott,bdorracottdm@cbslocal.com,Bigender,6185.82,1989-06-12T00:00:00.000+01:00,USD
492,Ebba Parsisson,eparsissondn@exblog.jp,Female,6371.25,2005-09-11T00:00:00.000+01:00,USD
493,Olympe Orum,oorumdo@biblegateway.com,Female,4552.86,1988-11-23T00:00:00.000Z,USD
494,Inez Davidsen,idavidsendp@google.nl,Female,9040.67,1983-09-21T00:00:00.000+01:00,USD
495,Alic Wrettum,awrettumdq@macromedia.com,Male,6991.85,2007-04-17T00:00:00.000+01:00,EUR
496,Ashly Keets,akeetsdr@shop-pro.jp,Female,4048.22,1986-04-29T00:00:00.000+01:00,USD
497,Shara Stayte,sstayteds@issuu.com,Female,6105.31,1982-06-11T00:00:00.000+01:00,USD
498,Evelyn Olver,eolverdt@go.com,Female,4191.71,2002-12-13T00:00:00.000Z,USD
499,Berny Gosden,"",Male,3399.16,1992-01-25T00:00:00.000Z,EUR
500,Nelson Raith,nraithdv@friendfeed.com,Male,3518.75,2005-12-30T00:00:00.000Z,USD
501,Katerine Exter,kexterdw@furl.net,Female,3670.74,1995-01-16T00:00:00.000Z,USD
502,See Norcliff,snorcliffdx@parallels.com,Male,9601.6,1998-11-26T00:00:00.000Z,USD
503,Fabien Patron,fpatrondy@exblog.jp,Male,3701.6,1990-05-04T00:00:00.000+01:00,USD
504,Ricky Alexsandrowicz,ralexsandrowiczdz@wp.com,Genderqueer,4239.17,1988-02-14T00:00:00.000Z,EUR
505,Farris Kentish,fkentishe0@reuters.com,Male,3802.26,1995-07-27T00:00:00.000+01:00,USD
506,Ely McCoole,emccoolee1@hostgator.com,Male,1595.84,1991-06-22T00:00:00.000+01:00,USD
507,Carolynn Luney,cluneye2@epa.gov,Female,2588.42,2002-12-23T00:00:00.000Z,USD
508,Diena Diess,ddiesse3@google.ru,Female,2354.85,1984-07-09T00:00:00.000+01:00,USD
509,Xymenes Wainer,"",Male,2545.45,1997-05-27T00:00:00.000+01:00,USD
510,Stanford Toffano,stoffanoe5@deviantart.com,Male,6322.87,1993-01-26T00:00:00.000Z,USD
511,Carena Delagnes,cdelagnese6@nasa.gov,Female,5976.3,1989-10-19T00:00:00.000+01:00,USD
512,Torie Stockell,tstockelle7@newyorker.com,Female,5699.8,1995-06-28T00:00:00.000+01:00,EUR
513,Engelbert Brinkworth,"",Bigender,4887.05,1993-05-19T00:00:00.000+01:00,USD
514,Charyl Fosse,cfossee9@walmart.com,Female,4548.33,2003-02-08T00:00:00.000Z,USD
515,Roberto Ballister,rballisterea@mlb.com,Male,3298.47,2005-06-22T00:00:00.000+01:00,EUR
516,Rafaelita Albany,ralbanyeb@themeforest.net,Female,6697.97,2005-03-09T00:00:00.000Z,USD
517,Imogene Gonthier,"",Female,3127.37,1990-04-23T00:00:00.000+01:00,EUR
518,Bartholomeo O' Dornan,boed@51.la,Male,6835.09,1990-07-27T00:00:00.000+01:00,USD
519,Dalton Macias,dmaciasee@typepad.com,Male,6489.03,1983-09-18T00:00:00.000+01:00,EUR
520,Cherish Josifovic,cjosifovicef@fema.gov,Female,1393.61,2007-12-24T00:00:00.000Z,USD
521,Sheffy Antunes,santuneseg@pinterest.com,Male,3224.95,1996-04-12T00:00:00.000+01:00,USD
522,Gianni Schimonek,gschimonekeh@twitter.com,Male,5090.23,2000-06-21T00:00:00.000+01:00,USD
523,Sigismond Cusack,scusackei@feedburner.com,Male,3329.64,1982-09-09T00:00:00.000+01:00,USD
524,Ashla Assur,aassurej@phpbb.com,Female,3437.06,2001-09-10T00:00:00.000+01:00,USD
525,Emelen Northeast,enortheastek@surveymonkey.com,Male,4581.12,1990-07-29T00:00:00.000+01:00,USD
526,Poppy McDowell,"",Female,8035.88,1983-10-29T00:00:00.000Z,USD
527,Padraic Dargie,pdargieem@typepad.com,Male,4658.47,1983-03-09T00:00:00.000Z,USD
528,Giffie Kenion,gkenionen@google.es,Male,1980.17,1982-09-09T00:00:00.000+01:00,USD
529,Bendick Breffitt,"",Agender,6146.55,1984-04-29T00:00:00.000+01:00,USD
530,Maud Coller,mcollerep@ovh.net,Female,5182.98,1995-06-20T00:00:00.000+01:00,USD
531,Conan Brosnan,cbrosnaneq@slashdot.org,Male,5230.84,1990-05-30T00:00:00.000+01:00,USD
532,Noelani Deighan,ndeighaner@opensource.org,Female,3906.38,1983-05-24T00:00:00.000+01:00,USD
533,Nicky MacNeely,nmacneelyes@nyu.edu,Male,4635.53,2002-08-10T00:00:00.000+01:00,USD
534,Mozes Milleton,mmilletonet@clickbank.net,Male,1255.05,1998-05-19T00:00:00.000+01:00,USD
535,Shelden Ubank,subankeu@phoca.cz,Male,5542.42,1986-12-12T00:00:00.000Z,USD
536,Aldous Micah,amicahev@examiner.com,Male,4308.83,1997-03-25T00:00:00.000Z,EUR
537,Carilyn Gatfield,cgatfieldew@about.com,Female,5252.58,2006-03-25T00:00:00.000Z,USD
538,Britte Sanbroke,bsanbrokeex@vk.com,Female,6162.23,1985-08-01T00:00:00.000+01:00,EUR
539,Moses Daldry,mdaldryey@de.vu,Male,1784.23,1998-10-19T00:00:00.000+01:00,USD
540,Barrie Quincey,"",Male,-889.95,2006-07-28T00:00:00.000+01:00,USD
541,Jeremiah Rookesby,jrookesbyf0@buzzfeed.com,Male,193.09,1994-05-01T00:00:00.000+01:00,USD
542,Ardelis Allmond,aallmondf1@time.com,Female,5897.2,1992-09-23T00:00:00.000+01:00,USD
543,Nari Marchand,nmarchandf2@gmpg.org,Female,2391.24,1999-10-08T00:00:00.000+01:00,EUR
544,Vale Balsillie,"",Male,5614.46,1995-02-12T00:00:00.000Z,USD
545,Lawton Cardis,lcardisf4@fc2.com,Male,3239.0,1995-01-11T00:00:00.000Z,USD
546,Benoit Gadsdon,bgadsdonf5@pcworld.com,Male,4904.97,2007-01-13T00:00:00.000Z,EUR
547,Rosalie Setch,rsetchf6@noaa.gov,Bigender,4870.21,1984-03-11T00:00:00.000Z,USD
548,Federica Littley,flittleyf7@reference.com,Female,1977.87,1983-07-24T00:00:00.000+01:00,USD
549,Ricky Mateu,rmateuf8@behance.net,Male,4725.87,1989-05-26T00:00:00.000+01:00,USD
550,Olia Lowdham,olowdhamf9@wikia.com,Female,5166.84,1994-01-06T00:00:00.000Z,USD
551,Haskel Dunthorne,hdunthornefa@hud.gov,Male,3233.22,1993-10-29T00:00:00.000Z,USD
552,Hillary Scranney,hscranneyfb@disqus.com,Female,4814.37,1984-04-28T00:00:00.000+01:00,USD
553,Tiler Hance,thancefc@nbcnews.com,Male,6158.57,1981-05-16T00:00:00.000+01:00,USD
554,Nara O'Connor,"",Female,2782.36,1981-05-02T00:00:00.000+01:00,USD
555,Casar Brusby,"",Male,3082.53,1991-07-10T00:00:00.000+01:00,USD
556,Archibaldo Broom,abroomff@unicef.org,Male,2944.42,1984-03-31T00:00:00.000+01:00,USD
557,Ly Maty,lmatyfg@ftc.gov,Male,5403.4,1986-05-26T00:00:00.000+01:00,USD
558,Domenico Scudder,dscudderfh@tamu.edu,Male,6733.74,1987-02-27T00:00:00.000Z,EUR
559,Shay Joe,sjoefi@mysql.com,Male,5345.86,1984-10-30T00:00:00.000Z,USD
560,Roanne Humbert,rhumbertfj@homestead.com,Female,4846.46,1991-11-29T00:00:00.000Z,USD
561,Archie Lamblin,"",Male,5431.2,1985-04-20T00:00:00.000+01:00,USD
562,Silas Matthius,smatthiusfl@technorati.com,Male,6689.55,1991-02-21T00:00:00.000Z,USD
563,Grover Macewan,gmacewanfm@japanpost.jp,Male,2236.54,2004-06-07T00:00:00.000+01:00,USD
564,Ira Tomlinson,itomlinsonfn@yale.edu,Female,5239.69,2002-10-08T00:00:00.000+01:00,USD
565,Klaus Herkess,kherkessfo@wix.com,Male,6327.21,1983-04-25T00:00:00.000+01:00,USD
566,Karmen Ladyman,kladymanfp@typepad.com,Female,1988.95,2000-03-08T00:00:00.000Z,USD
567,Liam Sleeford,lsleefordfq@ask.com,Male,1825.79,1992-04-12T00:00:00.000+01:00,USD
568,Fanya Veque,fvequefr@barnesandnoble.com,Female,4043.21,1982-04-05T00:00:00.000+01:00,USD
569,Dorotea Mountjoy,dmountjoyfs@hud.gov,Female,2236.32,1991-01-14T00:00:00.000Z,USD
570,Dane Morstatt,dmorstattft@sfgate.com,Male,4111.24,2007-08-28T00:00:00.000+01:00,EUR
571,Tate Goodsall,tgoodsallfu@answers.com,Male,3759.48,2002-10-28T00:00:00.000Z,USD
572,Ermanno L'Episcopi,elepiscopifv@typepad.com,Male,7712.9,1998-08-19T00:00:00.000+01:00,USD
573,Ramonda Codlin,rcodlinfw@apple.com,Female,4852.18,1992-12-06T00:00:00.000Z,EUR
574,Pooh Kernan,pkernanfx@newsvine.com,Female,4447.34,1982-11-22T00:00:00.000Z,USD
575,Phyllis Askie,paskiefy@blogspot.com,Female,3530.99,2002-08-07T00:00:00.000+01:00,USD
576,Jolyn Reuss,jreussfz@weather.com,Female,4980.37,1992-11-23T00:00:00.000Z,USD
577,Dorolisa Beddard,dbeddardg0@quantcast.com,Female,5185.53,2003-01-17T00:00:00.000Z,USD
578,Gracie Zecchini,gzecchinig1@mediafire.com,Female,4555.14,1983-11-23T00:00:00.000Z,EUR
579,Dewain Jakoubek,djakoubekg2@dmoz.org,Male,3624.24,1996-01-10T00:00:00.000Z,USD
580,Emeline Kneaphsey,ekneaphseyg3@loc.gov,Genderqueer,2594.77,1984-06-19T00:00:00.000+01:00,USD
581,Karlotta Slader,ksladerg4@twitter.com,Female,4852.71,1989-03-07T00:00:00.000Z,USD
582,Pepita Cayton,pcaytong5@apple.com,Female,4139.09,1993-07-25T00:00:00.000+01:00,USD
583,Christiano Annell,cannellg6@ihg.com,Male,2864.21,1992-11-14T00:00:00.000Z,USD
584,Ileane Heineke,"",Female,6526.02,1983-08-24T00:00:00.000+01:00,USD
585,Tristan Lakeman,tlakemang8@economist.com,Male,5211.61,1982-12-31T00:00:00.000Z,USD
586,Pepita Doveston,pdovestong9@so-net.ne.jp,Non-binary,6109.61,2007-07-10T00:00:00.000+01:00,USD
587,Clevie Fust,cfustga@nsw.gov.au,Male,4827.52,2001-05-03T00:00:00.000+01:00,USD
588,Loretta Jeroch,ljerochgb@livejournal.com,Female,1138.87,1988-12-21T00:00:00.000Z,USD
589,Emmott Krahl,ekrahlgc@t.co,Male,5872.95,1996-01-28T00:00:00.000Z,USD
590,Cornall Gilliver,cgillivergd@narod.ru,Male,3239.31,1982-01-22T00:00:00.000Z,USD
591,Rebecka Bartak,rbartakge@shareasale.com,Female,3951.44,1995-09-22T00:00:00.000+01:00,EUR
592,Guglielmo Carson,gcarsongf@zimbio.com,Male,4320.67,1985-08-31T00:00:00.000+01:00,USD
593,Basilio Few,bfewgg@cdbaby.com,Male,4203.97,1983-01-26T00:00:00.000Z,USD
594,Dory Climo,dclimogh@adobe.com,Male,4807.44,1984-11-21T00:00:00.000Z,USD
595,Montague Penniell,mpenniellgi@newsvine.com,Male,3850.98,1998-03-23T00:00:00.000Z,USD
596,Bil Peterken,bpeterkengj@eventbrite.com,Male,5477.4,1998-07-20T00:00:00.000+01:00,USD
597,Janelle Nannetti,jnannettigk@addtoany.com,Female,5596.08,2003-08-10T00:00:00.000+01:00,EUR
598,Ephrem Duignan,eduignangl@netscape.com,Male,7377.76,2001-11-10T00:00:00.000Z,USD
599,Ingaborg Tommen,itommengm@qq.com,Female,991.12,1987-12-31T00:00:00.000Z,USD
600,Luigi Spellacy,lspellacygn@wikimedia.org,Genderqueer,3985.37,1982-04-23T00:00:00.000+01:00,USD
601,Karleen Sharphouse,ksharphousego@diigo.com,Female,9143.08,1994-10-28T00:00:00.000Z,USD
602,Lion Juorio,ljuoriogp@phpbb.com,Male,7103.37,1995-03-06T00:00:00.000Z,USD
603,Lindsey de Clerq,ldegq@scribd.com,Polygender,8597.0,1982-07-15T00:00:00.000+01:00,USD
604,Emory Dunphie,edunphiegr@list-manage.com,Male,3384.78,1990-07-07T00:00:00.000+01:00,USD
605,Jake Coleman,jcolemangs@mayoclinic.com,Male,5310.1,1999-08-18T00:00:00.000+01:00,USD
606,Erik Jowsey,ejowseygt@craigslist.org,Male,2803.26,2001-01-07T00:00:00.000Z,USD
607,Marga Illingworth,millingworthgu@tripod.com,Female,5095.75,1983-02-05T00:00:00.000Z,USD
608,Giulietta Gouth,ggouthgv@mediafire.com,Female,3840.1,1996-03-26T00:00:00.000Z,USD
609,Gloria Rendall,grendallgw@sciencedirect.com,Female,3103.81,2003-05-24T00:00:00.000+01:00,USD
610,Hynda Stancer,hstancergx@intel.com,Female,4665.52,1993-12-06T00:00:00.000Z,USD
611,Jabez Faldoe,jfaldoegy@census.gov,Male,5098.25,2002-03-27T00:00:00.000Z,USD
612,Kylie Mackin,kmackingz@creativecommons.org,Female,7635.03,2007-06-29T00:00:00.000+01:00,EUR
613,Michelle Pieche,mpiecheh0@usa.gov,Female,3366.25,2007-10-09T00:00:00.000+01:00,USD
614,Claudina Ferrieroi,"",Female,4399.19,2004-02-01T00:00:00.000Z,USD
615,Vilhelmina Scantlebury,vscantleburyh2@tiny.cc,Non-binary,4257.18,1992-07-17T00:00:00.000+01:00,USD
616,Garwood Garlick,ggarlickh3@imageshack.us,Male,3629.53,1991-01-29T00:00:00.000Z,USD
617,Silvain Blinco,sblincoh4@skype.com,Male,33.63,2007-04-20T00:00:00.000+01:00,USD
618,Melloney Gebhard,mgebhardh5@hao123.com,Female,1944.84,2006-11-08T00:00:00.000Z,EUR
619,Raymond Carsey,rcarseyh6@senate.gov,Male,4453.04,1988-01-14T00:00:00.000Z,USD
620,Uri de Chastelain,udeh7@people.com.cn,Male,3788.46,1986-03-11T00:00:00.000Z,USD
621,Niki Baynard,nbaynardh8@goo.ne.jp,Male,5031.97,1997-02-12T00:00:00.000Z,USD
622,Tanny Loveitt,tloveitth9@scientificamerican.com,Male,4246.71,1990-09-24T00:00:00.000+01:00,USD
623,Gay Nilges,gnilgesha@ebay.co.uk,Male,2502.29,1992-01-28T00:00:00.000Z,USD
624,Carolyne Stimson,cstimsonhb@wordpress.com,Polygender,4526.1,1994-10-30T00:00:00.000Z,USD
625,Karlie Clayal,kclayalhc@canalblog.com,Genderfluid,3845.94,1992-06-09T00:00:00.000+01:00,USD
626,Kori Endecott,kendecotthd@twitpic.com,Female,4466.04,1983-01-20T00:00:00.000Z,EUR
627,Michelina Benediktsson,mbenediktssonhe@goo.ne.jp,Female,11199.8,2003-02-11T00:00:00.000Z,USD
628,Evelina Willcock,ewillcockhf@bravesites.com,Female,4403.91,1989-04-12T00:00:00.000+01:00,USD
629,Laurel Deyes,ldeyeshg@indiegogo.com,Female,4916.18,2004-09-14T00:00:00.000+01:00,USD
630,Corbie Aldins,caldinshh@nytimes.com,Male,4211.68,1983-08-12T00:00:00.000+01:00,USD
631,Tedi Standish,"",Female,5129.57,2006-06-23T00:00:00.000+01:00,USD
632,Sigismund Upstone,supstonehj@latimes.com,Male,3562.11,1994-10-28T00:00:00.000Z,EUR
633,Ulick Allanby,uallanbyhk@mashable.com,Male,5170.14,1981-12-05T00:00:00.000Z,USD
634,Gradey Herreran,gherreranhl@jugem.jp,Male,2231.16,2000-06-09T00:00:00.000+01:00,USD
635,Vinita Casetti,vcasettihm@quantcast.com,Female,5042.53,1985-06-03T00:00:00.000+01:00,EUR
636,Delmor Littlecote,"",Male,1798.24,1987-10-12T00:00:00.000+01:00,EUR
637,Any Riediger,ariedigerho@bandcamp.com,Male,3453.15,1997-04-16T00:00:00.000+01:00,USD
638,Wilow Reinard,wreinardhp@google.pl,Female,6512.51,1985-08-30T00:00:00.000+01:00,USD
639,Marcos Piggen,mpiggenhq@mlb.com,Male,4699.27,1999-02-21T00:00:00.000Z,USD
640,Jack Gabbitas,jgabbitashr@opera.com,Male,881.43,1997-09-19T00:00:00.000+01:00,USD
641,Letty Colman,lcolmanhs@ustream.tv,Female,3733.39,1991-10-02T00:00:00.000+01:00,USD
642,Inigo Durman,idurmanht@sbwire.com,Male,5521.85,1996-11-05T00:00:00.000Z,USD
643,Adolphe Milington,"",Male,2262.49,1982-08-26T00:00:00.000+01:00,USD
644,Minny Blackmoor,mblackmoorhv@wired.com,Female,2758.91,1996-10-12T00:00:00.000+01:00,USD
645,Raviv Gillison,rgillisonhw@canalblog.com,Male,2886.13,1984-06-29T00:00:00.000+01:00,USD
646,Celestina Eliff,"",Female,3910.49,2005-09-27T00:00:00.000+01:00,USD
647,Leodora Vallentin,lvallentinhy@cafepress.com,Female,5139.2,2002-12-05T00:00:00.000Z,USD
648,Sanders Tiner,stinerhz@symantec.com,Genderfluid,6160.27,2001-08-07T00:00:00.000+01:00,EUR
649,Barry Blakely,bblakelyi0@dell.com,Male,5967.62,2007-04-30T00:00:00.000+01:00,USD
650,Dallis Otter,dotteri1@bloomberg.com,Male,5232.14,1982-03-26T00:00:00.000Z,USD
651,Nancie Lathey,nlatheyi2@simplemachines.org,Female,3374.57,1994-12-26T00:00:00.000Z,EUR
652,Aguistin Fitzsimons,afitzsimonsi3@foxnews.com,Male,4773.49,2005-12-11T00:00:00.000Z,USD
653,Ailey Stapels,astapelsi4@elpais.com,Female,4897.94,2005-11-06T00:00:00.000Z,USD
654,Rourke Paffett,rpaffetti5@comsenz.com,Male,4298.3,1992-02-15T00:00:00.000Z,USD
655,Elyssa Duplan,"",Female,5332.55,1986-01-02T00:00:00.000Z,USD
656,Lusa Dudney,ldudneyi7@redcross.org,Female,5602.3,2006-11-15T00:00:00.000Z,USD
657,Sile Grunwald,sgrunwaldi8@dagondesign.com,Female,4944.98,1996-07-07T00:00:00.000+01:00,USD
658,Giorgi Feldharker,gfeldharkeri9@geocities.com,Male,5006.99,1990-05-27T00:00:00.000+01:00,USD
659,Karlis Bowton,kbowtonia@wikia.com,Male,4619.69,1985-09-04T00:00:00.000+01:00,USD
660,Loella Lebbon,llebbonib@chron.com,Female,5911.84,1997-11-19T00:00:00.000Z,USD
661,Valencia MacDiarmid,vmacdiarmidic@diigo.com,Female,1375.17,1987-01-27T00:00:00.000Z,USD
662,Isidor Rawlison,"",Male,5628.9,1997-12-19T00:00:00.000Z,USD
663,Pia Leipnik,pleipnikie@people.com.cn,Female,4034.46,1983-01-17T00:00:00.000Z,EUR
664,Frankie Esom,"",Male,4924.02,2007-05-08T00:00:00.000+01:00,USD
665,Odessa Sharville,osharvilleig@360.cn,Female,138.67,1998-11-19T00:00:00.000Z,USD
666,Charla Winham,cwinhamih@columbia.edu,Female,5302.65,1987-12-04T00:00:00.000Z,USD
667,Ethelind Gilby,"",Female,5480.47,1994-11-30T00:00:00.000Z,USD
668,Joe Watkiss,jwatkissij@constantcontact.com,Male,4151.18,1995-07-05T00:00:00.000+01:00,USD
669,Opal Ceschini,oceschiniik@csmonitor.com,Female,6068.21,2007-04-09T00:00:00.000+01:00,USD
670,Scot Minithorpe,sminithorpeil@reverbnation.com,Male,3730.96,1996-06-08T00:00:00.000+01:00,USD
671,Fin Flipsen,"",Male,2259.5,2007-03-28T00:00:00.000+01:00,USD
672,Vitoria Trevett,"",Female,7257.03,1998-01-02T00:00:00.000Z,EUR
673,Dexter Hiorn,dhiornio@scribd.com,Male,3529.17,1989-07-23T00:00:00.000+01:00,USD
674,Mattie Worgan,mworganip@wordpress.com,Male,4404.7,1999-06-05T00:00:00.000+01:00,USD
675,Imogen Bauer,ibaueriq@naver.com,Bigender,5285.57,2003-05-14T00:00:00.000+01:00,USD
676,Parke Le Fleming,pleir@cnet.com,Male,849.65,2006-10-13T00:00:00.000+01:00,USD
677,Constantine Kemish,"",Female,3582.39,2004-06-06T00:00:00.000+01:00,USD
678,Ann-marie Arnson,aarnsonit@nasa.gov,Female,4947.41,1992-08-20T00:00:00.000+01:00,USD
679,Shirline Fowles,sfowlesiu@va.gov,Female,3220.83,1995-09-12T00:00:00.000+01:00,USD
680,Lindon Fair,lfairiv@hud.gov,Male,-1278.74,1983-12-19T00:00:00.000Z,USD
681,Teri Seamarke,tseamarkeiw@alexa.com,Female,2897.18,2000-11-24T00:00:00.000Z,EUR
682,Umberto Cafe,"",Male,2242.16,1987-01-04T00:00:00.000Z,USD
683,Saunderson Mulroy,smulroyiy@va.gov,Male,2768.76,1990-03-10T00:00:00.000Z,EUR
684,Leisha Freed,lfreediz@zdnet.com,Female,4549.64,1986-04-05T00:00:00.000+01:00,USD
685,Melisandra Guiver,mguiverj0@ifeng.com,Female,4126.59,1999-11-18T00:00:00.000Z,USD
686,Cherise Ahrenius,cahreniusj1@baidu.com,Female,5941.42,2006-01-14T00:00:00.000Z,USD
687,Starlin Bouzek,sbouzekj2@accuweather.com,Female,4340.6,2002-05-14T00:00:00.000+01:00,USD
688,Minette Kohler,mkohlerj3@baidu.com,Female,2888.11,1989-02-28T00:00:00.000Z,USD
689,Bobinette Ianiello,bianielloj4@yelp.com,Female,4642.21,1990-07-01T00:00:00.000+01:00,USD
690,Elwyn Brigdale,ebrigdalej5@networkadvertising.org,Male,9082.93,2005-09-16T00:00:00.000+01:00,EUR
691,Margie Childes,mchildesj6@mozilla.org,Female,5865.33,1990-11-24T00:00:00.000Z,USD
692,Donni Irlam,dirlamj7@constantcontact.com,Genderfluid,6572.89,1986-08-25T00:00:00.000+01:00,USD
693,Lissie Chetham,lchethamj8@aol.com,Genderqueer,5393.19,1999-06-11T00:00:00.000+01:00,EUR
694,Domenic Raff,draffj9@1und1.de,Male,3075.41,1991-06-20T00:00:00.000+01:00,USD
695,Nomi Sebring,nsebringja@utexas.edu,Female,5983.39,1993-06-19T00:00:00.000+01:00,USD
696,Gwennie de Juares,gdejb@army.mil,Female,3363.65,2007-10-14T00:00:00.000+01:00,USD
697,Emelia Gulliver,egulliverjc@yandex.ru,Polygender,4500.44,1994-01-31T00:00:00.000Z,USD
698,Melina De Ambrosis,"",Female,4308.79,2006-01-25T00:00:00.000Z,USD
699,Gwynne Stebbings,gstebbingsje@artisteer.com,Female,3159.2,2001-06-02T00:00:00.000+01:00,USD
700,Jaye Kollatsch,jkollatschjf@technorati.com,Male,1730.25,1983-10-20T00:00:00.000+01:00,USD
701,Wheeler Giffin,wgiffinjg@t.co,Male,6485.75,1996-11-07T00:00:00.000Z,USD
702,Patricio Gwatkin,pgwatkinjh@cmu.edu,Male,6978.63,1995-12-25T00:00:00.000Z,USD
703,Cortney Pinkard,cpinkardji@surveymonkey.com,Female,5577.74,2000-09-13T00:00:00.000+01:00,USD
704,Trenna Nerval,"",Female,4574.37,1992-06-12T00:00:00.000+01:00,USD
705,Lane Redhead,lredheadjk@prnewswire.com,Female,5556.24,1986-07-21T00:00:00.000+01:00,USD
706,Kain MacGowing,kmacgowingjl@census.gov,Male,6174.68,2002-06-21T00:00:00.000+01:00,USD
707,Merline Bellsham,mbellshamjm@springer.com,Female,1813.38,2007-09-21T00:00:00.000+01:00,USD
708,Netti McWilliam,nmcwilliamjn@who.int,Female,5087.54,1988-09-24T00:00:00.000+01:00,USD
709,Laura Piola,lpiolajo@ft.com,Female,3880.8,2007-07-08T00:00:00.000+01:00,USD
710,Dewie Pollins,dpollinsjp@yandex.ru,Male,3462.66,1982-07-05T00:00:00.000+01:00,USD
711,Pernell Tybalt,ptybaltjq@java.com,Male,6626.41,1984-05-30T00:00:00.000+01:00,USD
712,Fawnia Costerd,fcosterdjr@altervista.org,Female,3772.86,1993-01-31T00:00:00.000Z,USD
713,Duke Hazart,dhazartjs@t.co,Male,5138.38,2006-04-13T00:00:00.000+01:00,USD
714,Brenden Sirett,bsirettjt@google.ca,Male,4090.07,2003-11-12T00:00:00.000Z,EUR
715,Elle Wedgwood,ewedgwoodju@google.com,Female,4623.72,2007-05-31T00:00:00.000+01:00,USD
716,Olivie Bloyes,obloyesjv@hao123.com,Female,5488.47,2003-03-25T00:00:00.000Z,USD
717,Patty Gaskell,pgaskelljw@uol.com.br,Male,3296.65,2004-03-22T00:00:00.000Z,USD
718,Miranda Parsell,mparselljx@nifty.com,Female,917.33,2005-04-28T00:00:00.000+01:00,USD
719,Lizzy Guitel,lguiteljy@acquirethisname.com,Female,2797.05,2003-01-20T00:00:00.000Z,USD
720,Jude O'Sculley,josculleyjz@omniture.com,Male,6144.6,2001-08-21T00:00:00.000+01:00,USD
721,Agnella McGookin,amcgookink0@netscape.com,Female,3713.39,2005-11-10T00:00:00.000Z,EUR
722,Ilyse Fligg,ifliggk1@nytimes.com,Polygender,2651.99,1981-04-06T00:00:00.000+01:00,USD
723,Manda Lawie,mlawiek2@nih.gov,Female,3766.01,1991-09-16T00:00:00.000+01:00,USD
724,Fannie Wogden,"",Female,8037.4,2005-05-07T00:00:00.000+01:00,USD
725,Marlowe Feavearyear,mfeavearyeark4@aol.com,Male,5625.34,1997-01-04T00:00:00.000Z,EUR
726,Therese Kimmings,tkimmingsk5@vkontakte.ru,Female,768.41,1991-12-23T00:00:00.000Z,USD
727,Dedra Lodin,dlodink6@goo.gl,Female,6546.62,1991-06-24T00:00:00.000+01:00,USD
728,Dulcine Ducastel,dducastelk7@livejournal.com,Female,3247.02,1993-09-14T00:00:00.000+01:00,USD
729,Alvie Beades,abeadesk8@tamu.edu,Male,4190.35,1997-10-07T00:00:00.000+01:00,USD
730,Magdalen Popescu,mpopescuk9@furl.net,Genderfluid,3810.93,1983-05-07T00:00:00.000+01:00,USD
731,Kriste Cocozza,kcocozzaka@artisteer.com,Female,4034.13,1986-08-28T00:00:00.000+01:00,USD
732,Pavlov Mokes,pmokeskb@spiegel.de,Genderqueer,5597.87,1983-08-10T00:00:00.000+01:00,USD
733,Cleavland Legonidec,clegonideckc@yahoo.co.jp,Male,2740.02,2005-01-02T00:00:00.000Z,EUR
734,Paolo Leftly,"",Male,5174.59,2007-08-02T00:00:00.000+01:00,USD
735,Audi Krzyzanowski,akrzyzanowskike@blogtalkradio.com,Female,3524.18,1997-01-11T00:00:00.000Z,USD
736,Merrel Samples,msampleskf@domainmarket.com,Male,4320.74,1990-05-29T00:00:00.000+01:00,USD
737,Josephina Linsley,jlinsleykg@sphinn.com,Genderfluid,971.84,1998-06-06T00:00:00.000+01:00,USD
738,Harman Huelin,hhuelinkh@vinaora.com,Male,6539.05,2000-06-29T00:00:00.000+01:00,USD
739,Gavrielle Dyble,gdybleki@aol.com,Female,4441.15,2005-01-19T00:00:00.000Z,USD
740,Herc Piechnik,hpiechnikkj@cdc.gov,Male,4945.36,2003-08-06T00:00:00.000+01:00,USD
741,Forbes Friedman,"",Male,3166.47,2007-05-09T00:00:00.000+01:00,USD
742,Broddy Connal,bconnalkl@altervista.org,Male,7375.95,1989-08-11T00:00:00.000+01:00,EUR
743,Onida Dewett,odewettkm@senate.gov,Female,4360.93,1995-01-26T00:00:00.000Z,USD
744,Bale Bartolomeotti,"",Male,5573.86,2002-07-21T00:00:00.000+01:00,USD
745,Jade Fontin,jfontinko@un.org,Agender,4907.58,1989-11-11T00:00:00.000Z,USD
746,Heall Lerner,"",Male,5349.25,1983-03-29T00:00:00.000+01:00,USD
747,Heloise Creeghan,hcreeghankq@desdev.cn,Bigender,7532.26,2004-05-05T00:00:00.000+01:00,USD
748,Gabriela McLaren,gmclarenkr@issuu.com,Female,2381.49,2000-12-01T00:00:00.000Z,USD
749,Kamilah Thunderchief,kthunderchiefks@twitter.com,Non-binary,1521.47,1996-06-15T00:00:00.000+01:00,USD
750,Caspar Kirkam,ckirkamkt@e-recht24.de,Male,9953.35,1984-04-01T00:00:00.000+01:00,USD
751,Joe Wharin,jwharinku@umich.edu,Male,5416.37,2004-01-23T00:00:00.000Z,USD
752,Cornelius Stickel,cstickelkv@elpais.com,Male,8235.86,1982-04-21T00:00:00.000+01:00,USD
753,Sonnie Tracy,stracykw@vimeo.com,Female,4142.91,1994-07-25T00:00:00.000+01:00,USD
754,Catrina MacGaughy,cmacgaughykx@topsy.com,Female,4293.11,2003-07-15T00:00:00.000+01:00,USD
755,Sonnie Conlaund,sconlaundky@omniture.com,Female,4313.9,1998-01-01T00:00:00.000Z,USD
756,Nye Kirkebye,nkirkebyekz@washington.edu,Genderqueer,3112.22,1998-05-01T00:00:00.000+01:00,USD
757,Nora Aiston,naistonl0@patch.com,Female,4012.24,1983-07-05T00:00:00.000+01:00,USD
758,Reuven Guillon,rguillonl1@prlog.org,Male,7270.68,1986-10-19T00:00:00.000+01:00,EUR
759,Reece Weir,"",Male,3395.65,2007-05-04T00:00:00.000+01:00,USD
760,Timotheus Pringour,tpringourl3@sfgate.com,Male,7610.46,1984-01-12T00:00:00.000Z,EUR
761,Ashlen Thunnercliffe,athunnercliffel4@surveymonkey.com,Genderqueer,7903.38,1990-09-17T00:00:00.000+01:00,USD
762,Miquela Sheach,msheachl5@bandcamp.com,Genderqueer,3735.67,2001-03-24T00:00:00.000Z,USD
763,Abbey Dackombe,adackombel6@buzzfeed.com,Male,6034.24,1984-09-15T00:00:00.000+01:00,USD
764,Aubry Doe,adoel7@hud.gov,Female,6357.45,1993-10-31T00:00:00.000Z,USD
765,Cherri Vondrys,cvondrysl8@theatlantic.com,Female,1851.49,1992-11-19T00:00:00.000Z,USD
766,Peadar Vanlint,pvanlintl9@virginia.edu,Male,4041.9,1990-03-09T00:00:00.000Z,USD
767,Ulberto Scoggins,uscogginsla@wiley.com,Male,2087.0,1994-12-24T00:00:00.000Z,USD
768,Rabi Gerretsen,rgerretsenlb@google.com,Male,7623.39,1986-06-04T00:00:00.000+01:00,USD
769,Kristi Harston,kharstonlc@arizona.edu,Female,4584.17,2006-07-19T00:00:00.000+01:00,USD
770,Itch Meert,imeertld@edublogs.org,Genderfluid,6575.67,1981-12-18T00:00:00.000Z,USD
771,Tiebout Ionnisian,tionnisianle@businesswire.com,Male,4749.48,2003-07-11T00:00:00.000+01:00,EUR
772,Selestina Godbald,sgodbaldlf@51.la,Female,4030.02,1990-05-17T00:00:00.000+01:00,EUR
773,Milicent Lawey,mlaweylg@wikipedia.org,Female,3394.42,2000-10-11T00:00:00.000+01:00,USD
774,Vladimir Curado,vcuradolh@dot.gov,Agender,8611.31,1996-03-25T00:00:00.000Z,USD
775,Farlee Sciusscietto,fsciussciettoli@nba.com,Male,4897.56,1991-11-12T00:00:00.000Z,USD
776,Ephrem Grzesiak,"",Male,6927.16,1989-03-18T00:00:00.000Z,USD
777,Vasily Coolson,vcoolsonlk@sourceforge.net,Male,4292.0,1983-04-08T00:00:00.000+01:00,USD
778,Carlene Kitchingham,ckitchinghamll@ebay.co.uk,Female,1185.94,1995-11-22T00:00:00.000Z,USD
779,Brigitte Spurdon,bspurdonlm@mac.com,Female,7980.94,1983-08-24T00:00:00.000+01:00,USD
780,Domeniga Thorbon,dthorbonln@dot.gov,Female,4237.28,1998-10-03T00:00:00.000+01:00,USD
781,Hillary Francesch,hfranceschlo@cnbc.com,Female,5597.43,1996-09-11T00:00:00.000+01:00,USD
782,Ernst Howorth,ehoworthlp@exblog.jp,Male,2452.15,2001-06-29T00:00:00.000+01:00,EUR
783,Kit Hail,khaillq@statcounter.com,Male,7236.33,1995-05-28T00:00:00.000+01:00,USD
784,Lacie Anniwell,lanniwelllr@wufoo.com,Female,7801.25,2006-11-02T00:00:00.000Z,USD
785,Bjorn Cowitz,bcowitzls@artisteer.com,Male,3573.46,1986-07-06T00:00:00.000+01:00,EUR
786,Inglis McVeagh,imcveaghlt@chron.com,Male,2794.6,1989-05-02T00:00:00.000+01:00,USD
787,Vicki Featenby,vfeatenbylu@ox.ac.uk,Female,4374.29,2004-04-23T00:00:00.000+01:00,USD
788,Perla Gelardi,pgelardilv@typepad.com,Female,4916.17,1989-01-04T00:00:00.000Z,USD
789,Dannie McLaverty,dmclavertylw@noaa.gov,Female,3684.22,2003-08-04T00:00:00.000+01:00,USD
790,Evangeline Dunsire,edunsirelx@nsw.gov.au,Female,4065.29,1992-06-08T00:00:00.000+01:00,USD
791,Ilyse Moncrefe,imoncrefely@gmpg.org,Genderqueer,3980.73,1984-07-16T00:00:00.000+01:00,USD
792,Benjamen Campe,bcampelz@goo.gl,Male,2301.88,1986-12-17T00:00:00.000Z,USD
793,Ronald Ham,rhamm0@tripod.com,Male,7951.16,2002-09-18T00:00:00.000+01:00,USD
794,Babs Piniur,bpiniurm1@hp.com,Female,5177.19,1984-10-24T00:00:00.000+01:00,USD
795,Denver Prati,"",Male,4159.51,1981-03-19T00:00:00.000Z,USD
796,Dilly Callicott,dcallicottm3@quantcast.com,Genderfluid,4360.85,2001-11-25T00:00:00.000Z,USD
797,Lark Woodrow,lwoodrowm4@networkadvertising.org,Female,6584.82,1997-10-26T00:00:00.000+01:00,USD
798,Fayette Janicijevic,fjanicijevicm5@zdnet.com,Female,4902.86,1985-03-14T00:00:00.000Z,USD
799,Terry Margerrison,tmargerrisonm6@purevolume.com,Male,6885.98,1998-01-05T00:00:00.000Z,USD
800,Olvan Schwant,oschwantm7@ucoz.ru,Male,3277.31,2006-08-23T00:00:00.000+01:00,USD
801,Drucie Dive,ddivem8@irs.gov,Female,2716.05,2002-11-30T00:00:00.000Z,USD
802,Falkner Mil,fmilm9@hugedomains.com,Male,846.56,1982-01-04T00:00:00.000Z,USD
803,Pavia Hargreves,phargrevesma@php.net,Polygender,5793.29,1993-04-26T00:00:00.000+01:00,USD
804,Alla Halfacree,ahalfacreemb@springer.com,Female,3734.54,1992-06-17T00:00:00.000+01:00,USD
805,Lib Slewcock,lslewcockmc@hostgator.com,Female,2524.46,2001-05-20T00:00:00.000+01:00,USD
806,Mag Girke,mgirkemd@1und1.de,Female,2879.01,2006-12-25T00:00:00.000Z,EUR
807,Lyndsey Straine,lstraineme@stanford.edu,Female,6308.56,2006-05-18T00:00:00.000+01:00,USD
808,Mycah McQuaid,mmcquaidmf@1und1.de,Male,1389.37,1991-08-18T00:00:00.000+01:00,EUR
809,Nettie Cisson,ncissonmg@sbwire.com,Female,6393.13,1986-04-22T00:00:00.000+01:00,USD
810,Agace Cossom,acossommh@tinyurl.com,Female,6588.12,2003-03-09T00:00:00.000Z,USD
811,Tiphany Reeken,treekenmi@mapy.cz,Female,6248.79,2006-04-18T00:00:00.000+01:00,USD
812,Sherlock Cantero,scanteromj@usa.gov,Male,4259.07,1993-05-23T00:00:00.000+01:00,USD
813,Murdock Marguerite,mmargueritemk@mtv.com,Male,3692.06,2002-08-13T00:00:00.000+01:00,USD
814,Farrell Castanho,fcastanhoml@usgs.gov,Male,3946.97,1996-02-09T00:00:00.000Z,USD
815,Merrili Priddis,mpriddismm@twitter.com,Genderfluid,2900.8,1992-11-06T00:00:00.000Z,USD
816,Natalie Giorio,ngioriomn@marriott.com,Female,3482.51,1988-07-29T00:00:00.000+01:00,USD
817,Damita Keson,dkesonmo@amazonaws.com,Female,3886.64,1999-03-29T00:00:00.000+01:00,USD
818,Lemmy Sondon,lsondonmp@arizona.edu,Male,3414.28,1983-11-09T00:00:00.000Z,USD
819,Marina Sprake,msprakemq@adobe.com,Female,4345.69,1996-11-19T00:00:00.000Z,USD
820,Onida McGaughie,"",Female,1775.43,1992-12-19T00:00:00.000Z,USD
821,Lazare Sandercroft,lsandercroftms@wordpress.org,Male,7134.72,1997-10-14T00:00:00.000+01:00,USD
822,Berrie Cobain,bcobainmt@lulu.com,Female,5616.14,1984-08-18T00:00:00.000+01:00,USD
823,Karon Stouther,kstouthermu@addthis.com,Female,5706.45,2000-10-26T00:00:00.000+01:00,EUR
824,Fitz Venneur,fvenneurmv@xing.com,Male,5251.92,1991-08-09T00:00:00.000+01:00,USD
825,Tammie Chalke,tchalkemw@intel.com,Male,3467.02,1981-07-16T00:00:00.000+01:00,USD
826,Kimmie Duding,kdudingmx@dell.com,Agender,7905.84,1982-06-18T00:00:00.000+01:00,USD
827,Linn Rustich,lrustichmy@livejournal.com,Bigender,6807.37,1981-08-19T00:00:00.000+01:00,USD
828,Jacqui Romeril,jromerilmz@soup.io,Female,5231.15,1982-08-19T00:00:00.000+01:00,USD
829,Hyacinth Hazelton,"",Female,4638.71,2007-08-19T00:00:00.000+01:00,USD
830,Cam Eastcourt,ceastcourtn1@blog.com,Male,5751.29,1988-06-01T00:00:00.000+01:00,EUR
831,Mathias Dugood,mdugoodn2@skyrock.com,Male,1813.99,1994-03-16T00:00:00.000Z,USD
832,Kalli Berrick,kberrickn3@dailymail.co.uk,Female,6226.7,1981-01-20T00:00:00.000Z,USD
833,Haley Kitchingman,hkitchingmann4@uol.com.br,Male,5897.19,1994-12-17T00:00:00.000Z,EUR
834,Tania Laverock,tlaverockn5@comsenz.com,Female,2294.8,1982-06-06T00:00:00.000+01:00,USD
835,Meier Balaizot,"",Male,5063.84,1984-09-26T00:00:00.000+01:00,USD
836,Karel Halahan,khalahann7@mail.ru,Male,9380.43,1989-09-17T00:00:00.000+01:00,USD
837,Mic Furmedge,mfurmedgen8@reference.com,Male,8682.04,2003-05-18T00:00:00.000+01:00,USD
838,Letitia Kermode,lkermoden9@about.com,Female,5232.82,1986-08-24T00:00:00.000+01:00,USD
839,Sawyer Philipart,sphilipartna@rediff.com,Male,3761.27,2000-12-30T00:00:00.000Z,USD
840,Florenza Duddan,"",Female,8467.1,2006-11-28T00:00:00.000Z,USD
841,Clive Chamberlain,cchamberlainnc@yellowpages.com,Male,6609.68,1984-06-07T00:00:00.000+01:00,USD
842,Magdalene Ziems,"",Female,6824.72,2003-02-19T00:00:00.000Z,USD
843,Bridgette Morphet,bmorphetne@exblog.jp,Bigender,4912.28,1985-12-29T00:00:00.000Z,EUR
844,Stirling Artus,sartusnf@nyu.edu,Male,5018.98,1989-01-28T00:00:00.000Z,USD
845,Arne Boays,aboaysng@unesco.org,Male,4454.05,1996-08-17T00:00:00.000+01:00,USD
846,Rodrique Strowther,rstrowthernh@themeforest.net,Male,5068.76,1999-09-27T00:00:00.000+01:00,EUR
847,Vanessa Blumire,vblumireni@posterous.com,Female,5554.21,2000-02-29T00:00:00.000Z,EUR
848,Nertie Dounbare,ndounbarenj@salon.com,Female,7134.24,1989-03-10T00:00:00.000Z,USD
849,Dasya Jandl,djandlnk@omniture.com,Female,7203.79,1998-03-22T00:00:00.000Z,USD
850,Mariquilla Ohrtmann,mohrtmannnl@apache.org,Female,4660.84,1982-05-26T00:00:00.000+01:00,EUR
851,Gavra Rawnsley,grawnsleynm@rambler.ru,Female,2520.43,1994-04-06T00:00:00.000+01:00,USD
852,Aleksandr Ilyenko,ailyenkonn@posterous.com,Non-binary,3725.93,2002-08-13T00:00:00.000+01:00,EUR
853,Danit Trigg,dtriggno@hexun.com,Female,4161.5,1988-01-26T00:00:00.000Z,USD
854,Tonya Burds,"",Female,6607.03,1995-04-24T00:00:00.000+01:00,USD
855,Dominica Govern,"",Female,3331.5,2006-03-17T00:00:00.000Z,USD
856,Bronson Reddihough,"",Male,6033.9,1990-09-02T00:00:00.000+01:00,USD
857,Ian Fetherston,ifetherstonns@shop-pro.jp,Polygender,2768.7,1998-10-07T00:00:00.000+01:00,EUR
858,Arlen Alvarado,aalvaradont@slideshare.net,Female,5057.57,2001-01-04T00:00:00.000Z,USD
859,Hastings Blaza,"",Agender,7995.87,1992-05-18T00:00:00.000+01:00,USD
860,Amelia Joblin,ajoblinnv@zdnet.com,Female,6961.3,1989-12-16T00:00:00.000Z,USD
861,Micheline Ellam,mellamnw@wikipedia.org,Female,3196.84,1996-02-14T00:00:00.000Z,USD
862,Jody Joesbury,jjoesburynx@github.io,Male,3667.04,1989-09-20T00:00:00.000+01:00,USD
863,Werner Skill,wskillny@psu.edu,Male,6127.03,1988-12-05T00:00:00.000Z,USD
864,Pauline Wheway,pwhewaynz@samsung.com,Female,4801.15,2005-09-08T00:00:00.000+01:00,USD
865,Julie Vallack,jvallacko0@jiathis.com,Female,4050.17,1997-10-02T00:00:00.000+01:00,USD
866,Tedie Whiten,twhiteno1@umn.edu,Male,7537.82,1986-06-07T00:00:00.000+01:00,USD
867,Ingelbert Blackwell,iblackwello2@cmu.edu,Male,4518.25,2004-04-12T00:00:00.000+01:00,USD
868,Meryl Timson,mtimsono3@xing.com,Male,6334.31,1996-10-04T00:00:00.000+01:00,USD
869,Charlotte Millyard,cmillyardo4@cpanel.net,Female,2767.11,1983-10-24T00:00:00.000Z,USD
870,Justus Seeger,jseegero5@mac.com,Male,2769.65,2002-10-31T00:00:00.000Z,EUR
871,Olly Ismail,oismailo6@mashable.com,Female,3911.48,2003-01-30T00:00:00.000Z,USD
872,Jade Paulig,jpauligo7@ca.gov,Female,6584.47,1983-02-05T00:00:00.000Z,USD
873,Althea Haggarty,"",Female,4161.03,1983-09-12T00:00:00.000+01:00,EUR
874,Maureen Geale,"",Female,8289.6,1982-04-21T00:00:00.000+01:00,USD
875,Alon Dunstone,adunstoneoa@wisc.edu,Male,5184.36,1994-08-16T00:00:00.000+01:00,EUR
876,Virgie Algeo,valgeoob@businessweek.com,Male,6738.68,1998-11-11T00:00:00.000Z,USD
877,Gabriellia Gounet,ggounetoc@cam.ac.uk,Female,3116.54,1994-12-31T00:00:00.000Z,USD
878,Cammy Winsbury,"",Male,1481.47,2007-05-09T00:00:00.000+01:00,USD
879,Ilene Saunton,isauntonoe@craigslist.org,Female,4737.23,1998-11-25T00:00:00.000Z,USD
880,Raviv O'Connell,roconnellof@free.fr,Male,3865.48,1993-07-11T00:00:00.000+01:00,USD
881,Blane Decourcy,bdecourcyog@bigcartel.com,Male,5298.16,2007-01-29T00:00:00.000Z,USD
882,Daryle Farleigh,dfarleighoh@oakley.com,Male,7888.84,1987-03-03T00:00:00.000Z,USD
883,Theresa Spieck,tspieckoi@yellowbook.com,Female,6958.44,1982-02-05T00:00:00.000Z,USD
884,Seka Eliyahu,seliyahuoj@mozilla.org,Female,4347.87,2006-10-16T00:00:00.000+01:00,USD
885,Celina Mathwin,cmathwinok@squidoo.com,Female,3301.22,1988-04-26T00:00:00.000+01:00,USD
886,Ross Jevon,"",Male,2272.41,2007-07-29T00:00:00.000+01:00,USD
887,Farlie Schutter,fschutterom@quantcast.com,Male,4058.1,2004-01-28T00:00:00.000Z,USD
888,Dania Balser,dbalseron@wikimedia.org,Female,2601.32,1994-11-08T00:00:00.000Z,USD
889,Rozella Hourihane,rhourihaneoo@joomla.org,Female,5782.98,1983-01-16T00:00:00.000Z,USD
890,Tanney Larmouth,tlarmouthop@wikipedia.org,Male,2267.11,1989-03-23T00:00:00.000Z,USD
891,Sasha Grima,sgrimaoq@constantcontact.com,Female,6134.1,1995-03-28T00:00:00.000+01:00,USD
892,Marne Burel,mburelor@mapquest.com,Female,4303.4,1986-10-02T00:00:00.000+01:00,USD
893,Fitzgerald Glaum,fglaumos@youku.com,Male,3912.68,2005-11-30T00:00:00.000Z,USD
894,Aaron Gomez,agomezot@goo.gl,Male,3727.24,1999-10-21T00:00:00.000+01:00,USD
895,Lemmie Enderlein,"",Male,4650.42,1994-04-02T00:00:00.000+01:00,USD
896,Kev Collecott,kcollecottov@zimbio.com,Polygender,4692.37,1985-08-12T00:00:00.000+01:00,EUR
897,Reena Skellern,rskellernow@dmoz.org,Female,5399.28,2002-04-14T00:00:00.000+01:00,USD
898,Elysia Boyton,eboytonox@nature.com,Female,3841.18,1994-06-27T00:00:00.000+01:00,USD
899,Bonnibelle Sheal,bshealoy@imdb.com,Female,5225.64,1985-12-19T00:00:00.000Z,USD
900,Erny Stranahan,estranahanoz@nydailynews.com,Male,3794.57,1985-12-17T00:00:00.000Z,USD
901,Kermit Skeemor,kskeemorp0@networksolutions.com,Male,3853.12,1985-09-18T00:00:00.000+01:00,USD
902,Elnar Oran,eoranp1@ebay.co.uk,Male,5648.04,2007-07-04T00:00:00.000+01:00,USD
903,Nessi Ayllett,nayllettp2@multiply.com,Female,3705.99,1983-05-31T00:00:00.000+01:00,USD
904,Dell Jeanel,"",Female,5320.66,1994-09-01T00:00:00.000+01:00,USD
905,Heindrick Nary,hnaryp4@sohu.com,Male,2549.85,1986-12-24T00:00:00.000Z,USD
906,Shanna Dulanty,sdulantyp5@1und1.de,Female,6900.55,2002-05-24T00:00:00.000+01:00,USD
907,Albertine Orring,aorringp6@aol.com,Female,6145.16,1981-09-20T00:00:00.000+01:00,USD
908,Marv Westney,mwestneyp7@dot.gov,Genderfluid,3732.74,1982-08-22T00:00:00.000+01:00,USD
909,Mateo Heasly,mheaslyp8@infoseek.co.jp,Male,5442.73,1986-05-22T00:00:00.000+01:00,USD
910,Claudetta Cheese,ccheesep9@youtube.com,Female,4855.45,1981-01-02T00:00:00.000Z,USD
911,Arri Gillard,"",Male,6961.62,1990-06-12T00:00:00.000+01:00,USD
912,Hamil Piechnik,hpiechnikpb@ameblo.jp,Male,4473.26,2001-12-08T00:00:00.000Z,USD
913,Alwin Thomkins,athomkinspc@timesonline.co.uk,Agender,3133.57,1987-06-17T00:00:00.000+01:00,USD
914,Arnoldo Rabl,arablpd@techcrunch.com,Male,9186.33,1989-04-15T00:00:00.000+01:00,USD
915,Clemence Doohey,"",Female,6156.88,2000-08-29T00:00:00.000+01:00,USD
916,Tiffy Moody,tmoodypf@blog.com,Female,5802.12,1987-04-18T00:00:00.000+01:00,USD
917,Veronike St. John,vstpg@cyberchimps.com,Genderfluid,3659.26,1997-09-18T00:00:00.000+01:00,USD
918,Wolfy Guile,wguileph@tinyurl.com,Male,1890.21,2001-11-02T00:00:00.000Z,EUR
919,Fairfax Grigoryev,fgrigoryevpi@discuz.net,Male,4021.79,1981-04-04T00:00:00.000+01:00,USD
920,Uriah Gernier,ugernierpj@mediafire.com,Male,4289.05,1993-03-26T00:00:00.000Z,USD
921,Jaimie Burt,"",Male,7364.23,2005-08-02T00:00:00.000+01:00,USD
922,Davide O'Scanlon,doscanlonpl@multiply.com,Male,6077.59,1999-01-03T00:00:00.000Z,USD
923,Kakalina Merioth,kmeriothpm@dedecms.com,Female,5110.13,1998-07-21T00:00:00.000+01:00,USD
924,Robinette Walford,rwalfordpn@163.com,Female,6409.92,2003-10-02T00:00:00.000+01:00,USD
925,Yasmeen Meeny,"",Female,5252.98,2006-09-10T00:00:00.000+01:00,USD
926,Erroll Matfin,ematfinpp@issuu.com,Male,2554.28,1998-01-18T00:00:00.000Z,USD
927,Veriee Lafond,vlafondpq@simplemachines.org,Female,4868.16,1982-09-08T00:00:00.000+01:00,USD
928,Tobye Tuftin,ttuftinpr@chronoengine.com,Female,4509.26,1985-09-15T00:00:00.000+01:00,USD
929,Wilma O'Gaven,wogavenps@buzzfeed.com,Female,2807.51,1981-11-24T00:00:00.000Z,EUR
930,Gabbie Taggerty,gtaggertypt@wikispaces.com,Male,5771.94,1991-02-23T00:00:00.000Z,USD
931,Stefano Varley,"",Male,33.71,1986-08-28T00:00:00.000+01:00,USD
932,Lorrayne O' Sullivan,"",Female,3626.78,1983-02-16T00:00:00.000Z,USD
933,Carol-jean Vardie,cvardiepw@cisco.com,Female,8742.04,1995-04-19T00:00:00.000+01:00,EUR
934,Kaia Hearmon,khearmonpx@fotki.com,Female,4802.06,1981-08-13T00:00:00.000+01:00,USD
935,Maurizia Major,mmajorpy@shutterfly.com,Female,3889.45,2002-03-14T00:00:00.000Z,USD
936,Rosa Bellam,rbellampz@nyu.edu,Female,6540.91,1992-11-21T00:00:00.000Z,USD
937,Mollee Neward,mnewardq0@wikia.com,Female,8485.34,1981-08-06T00:00:00.000+01:00,USD
938,Sharyl Meeking,"",Female,3011.95,1994-10-06T00:00:00.000+01:00,USD
939,Sherye Brigshaw,sbrigshawq2@instagram.com,Female,4543.72,1985-05-20T00:00:00.000+01:00,USD
940,Elton Keir,ekeirq3@timesonline.co.uk,Male,4408.76,1994-05-01T00:00:00.000+01:00,EUR
941,Harmony Loffhead,hloffheadq4@shareasale.com,Female,6641.53,1995-03-09T00:00:00.000Z,USD
942,Connie Hollyer,chollyerq5@flickr.com,Male,5262.95,2004-05-27T00:00:00.000+01:00,USD
943,Tobit Thistleton,tthistletonq6@bravesites.com,Male,5882.09,1998-10-18T00:00:00.000+01:00,USD
944,Audrie Fero,"",Female,6113.69,1993-09-07T00:00:00.000+01:00,USD
945,Sunshine Tourne,"",Female,4848.88,1997-01-01T00:00:00.000Z,USD
946,Rhonda Howles,rhowlesq9@un.org,Female,4267.53,2000-05-06T00:00:00.000+01:00,EUR
947,Lucho Mapston,lmapstonqa@smugmug.com,Male,617.08,1992-05-27T00:00:00.000+01:00,USD
948,Stephannie Fishbourn,"",Female,6859.01,1984-07-20T00:00:00.000+01:00,USD
949,Mackenzie Humphrys,mhumphrysqc@ameblo.jp,Male,6479.28,1989-09-30T00:00:00.000+01:00,USD
950,Benedicta Snookes,bsnookesqd@deviantart.com,Female,3829.36,2002-02-15T00:00:00.000Z,USD
951,Noell Cocker,ncockerqe@sphinn.com,Female,5293.63,2006-05-21T00:00:00.000+01:00,USD
952,Phelia Cathcart,pcathcartqf@cmu.edu,Female,4457.97,1991-07-05T00:00:00.000+01:00,USD
953,Danyette Slaten,dslatenqg@angelfire.com,Female,2827.52,2004-02-19T00:00:00.000Z,USD
954,Ivar Franken,ifrankenqh@soundcloud.com,Male,1895.91,1989-02-12T00:00:00.000Z,USD
955,Pall Karchowski,pkarchowskiqi@1und1.de,Male,3191.86,1992-07-16T00:00:00.000+01:00,USD
956,Brian Miall,"",Male,2425.62,2003-02-16T00:00:00.000Z,USD
957,Silvester McAlpine,smcalpineqk@ibm.com,Male,6968.51,1985-08-17T00:00:00.000+01:00,USD
958,Emmanuel Caudrey,ecaudreyql@drupal.org,Male,5303.5,2004-05-21T00:00:00.000+01:00,USD
959,Alastair Delcastel,adelcastelqm@xing.com,Male,5873.85,1999-07-23T00:00:00.000+01:00,USD
960,Sheena Beacock,sbeacockqn@dailymail.co.uk,Female,5288.79,1986-01-29T00:00:00.000Z,USD
961,Orazio Studman,ostudmanqo@bloomberg.com,Male,6151.53,1983-04-10T00:00:00.000+01:00,USD
962,Joleen Simenet,jsimenetqp@msu.edu,Female,218.09,1998-10-19T00:00:00.000+01:00,EUR
963,Jervis Mollett,jmollettqq@berkeley.edu,Male,3613.36,1995-02-01T00:00:00.000Z,USD
964,Aleen Riccione,ariccioneqr@amazon.co.jp,Female,5237.91,2000-08-07T00:00:00.000+01:00,USD
965,Eli Arrighetti,earrighettiqs@intel.com,Male,5876.2,1992-06-28T00:00:00.000+01:00,USD
966,Davin Keneford,dkenefordqt@seattletimes.com,Male,3893.21,2006-06-29T00:00:00.000+01:00,USD
967,Minnie Hussell,mhussellqu@bluehost.com,Female,5615.74,2001-04-13T00:00:00.000+01:00,USD
968,Amelita Pachta,apachtaqv@mozilla.com,Genderfluid,6978.61,2005-03-31T00:00:00.000+01:00,USD
969,Yorgo Lopes,ylopesqw@hibu.com,Male,4681.76,1990-07-30T00:00:00.000+01:00,USD
970,Igor Reary,irearyqx@rediff.com,Male,4926.16,1995-11-02T00:00:00.000Z,USD
971,Consalve Dowrey,"",Male,5021.96,2005-03-27T00:00:00.000Z,EUR
972,Wylie Scardefield,wscardefieldqz@canalblog.com,Male,5866.44,1988-09-26T00:00:00.000+01:00,EUR
973,Rosemary Spurryer,rspurryerr0@skype.com,Female,3827.64,1999-07-07T00:00:00.000+01:00,USD
974,Donella Breddy,dbreddyr1@thetimes.co.uk,Female,-196.29,1982-01-10T00:00:00.000Z,USD
975,Gawain Jays,gjaysr2@plala.or.jp,Agender,4691.49,1999-06-10T00:00:00.000+01:00,USD
976,Marcelline Huelin,"",Female,3248.65,1984-06-22T00:00:00.000+01:00,USD
977,Mary Grewe,mgrewer4@tinyurl.com,Female,3262.62,2003-05-23T00:00:00.000+01:00,USD
978,Xymenes Dykes,xdykesr5@godaddy.com,Male,2495.89,2000-06-12T00:00:00.000+01:00,EUR
979,Marshal Scanlon,"",Male,3830.02,2000-06-18T00:00:00.000+01:00,USD
980,Alison O'Cooney,"",Female,4174.61,1986-11-22T00:00:00.000Z,USD
981,Jo Burgoine,jburgoiner8@yellowpages.com,Female,3270.41,2005-09-21T00:00:00.000+01:00,USD
982,Celka Batman,cbatmanr9@opera.com,Female,6788.3,1998-03-04T00:00:00.000Z,USD
983,Corrianne Strutz,cstrutzra@dropbox.com,Female,6485.8,1986-04-25T00:00:00.000+01:00,EUR
984,Adan Chattaway,achattawayrb@yahoo.com,Male,3886.78,1999-02-23T00:00:00.000Z,USD
985,Aldous Andreasen,aandreasenrc@xinhuanet.com,Male,1276.26,1986-08-27T00:00:00.000+01:00,USD
986,Lancelot Colliss,lcollissrd@rediff.com,Male,3951.34,1997-03-25T00:00:00.000Z,USD
987,Gasper Ridoutt,gridouttre@desdev.cn,Male,5661.55,1992-05-11T00:00:00.000+01:00,USD
988,Glenine Falloon,gfalloonrf@nba.com,Female,1457.42,1986-08-14T00:00:00.000+01:00,USD
989,Meris Andell,mandellrg@ask.com,Female,1962.83,1992-07-18T00:00:00.000+01:00,USD
990,Land Cluitt,"",Male,6778.55,2002-09-10T00:00:00.000+01:00,USD
991,Doyle Alwen,dalwenri@howstuffworks.com,Male,720.76,2001-02-09T00:00:00.000Z,USD
992,Ky Griswood,kgriswoodrj@bloglovin.com,Male,8438.47,1997-04-09T00:00:00.000+01:00,USD
993,Miquela Birkin,mbirkinrk@skyrock.com,Female,4650.73,1982-03-01T00:00:00.000Z,EUR
994,Onida Willicott,owillicottrl@symantec.com,Non-binary,4655.31,2000-12-27T00:00:00.000Z,EUR
995,Dominik Forseith,dforseithrm@digg.com,Male,7068.63,1989-03-05T00:00:00.000Z,USD
996,Nerissa Haslam,nhaslamrn@google.com,Female,4222.04,1999-03-11T00:00:00.000Z,USD
997,Cinnamon Croisdall,ccroisdallro@dell.com,Genderqueer,1897.33,1986-11-11T00:00:00.000Z,USD
998,Roman O'Cahsedy,rocahsedyrp@google.co.uk,Male,3590.76,2003-02-14T00:00:00.000Z,USD
999,Jeanie Tackett,"",Female,1706.69,1996-12-05T00:00:00.000Z,USD
1000,Jamey Winspur,jwinspurrr@scribd.com,Male,7407.67,2005-01-11T00:00:00.000Z,USD
