id,name,email,gender,money,birthdate,currency
1,Grange Idel,gidel0@sina.com.cn,Male,5731,12.4.2006,5
2,Calvin Follen,cfollen1@topsy.com,Male,5741,4.11.1996,5
3,Emile Bearn,ebearn2@salon.com,Male,2722,14.6.1987,2
4,Dayle Hirth,dhirth3@qq.com,Female,4527,4.8.1993,4
5,Daron Schutte,dschutte4@state.gov,Female,3821,16.8.1986,3
6,Lynsey Iddenden,"",Female,1577,11.7.1982,1
7,Noel Mellings,nmellings6@vinaora.com,Male,4561,28.9.1999,4
8,Ora McEwan,omcewan7@1und1.de,Female,4505,27.6.1985,4
9,Junie Doley,"",Female,3946,5.7.2003,3
10,Ketty Braben,kbraben9@pen.io,Female,4073,21.1.1987,4
11,Buckie Cotton,"",Male,4549,24.3.1999,4
12,Marji Binding,mbindingb@ocn.ne.jp,Female,5646,14.9.2002,5
13,Stevena Muckle,smucklec@apple.com,Female,5615,29.5.1998,5
14,Earvin Rennolds,erennoldsd@biglobe.ne.jp,Male,6007,12.12.2006,6
15,Nial Freake,nfreakee@dailymotion.com,Male,2047,10.6.1985,2
16,Jorge Lothlorien,jlothlorienf@imdb.com,Male,7629,25.8.2005,7
17,Tessi Storey,tstoreyg@vk.com,Female,7334,11.4.1997,7
18,Leonerd Skatcher,lskatcherh@discuz.net,Bigender,3169,16.3.1997,3
19,Arabel Biggs,abiggsi@plala.or.jp,Female,4644,12.9.1984,4
20,Bondie Marritt,bmarrittj@wikia.com,Male,8516,20.1.1987,8
21,Luise Cripwell,lcripwellk@histats.com,Female,3493,13.9.1996,3
22,Rona Rider,rriderl@ustream.tv,Female,6784,24.9.1999,6
23,Yuri Linck,"",Male,4399,6.7.2004,4
24,Ronny Harrinson,rharrinsonn@tripod.com,Male,4439,21.5.1988,4
25,Broddie Casarino,bcasarinoo@nhs.uk,Male,4646,23.10.1987,4
26,Vaughn Geeritz,vgeeritzp@bizjournals.com,Male,4354,26.6.1988,4
27,Che Spink,"",Male,5775,29.6.1999,5
28,Wes Bugler,wbuglerr@gizmodo.com,Male,7092,19.5.2004,7
29,Lucio Edmett,"",Male,4459,12.5.1988,4
30,Kathye Trevenu,"",Female,3299,9.6.2004,3
31,Mark Lathey,mlatheyu@msu.edu,Male,4518,5.2.1993,4
32,Carole Vaughan-Hughes,cvaughanhughesv@topsy.com,Female,2547,24.11.2000,2
33,Athena McEvoy,"",Female,5440,1.9.2003,5
34,Kelila Janney,kjanneyx@sphinn.com,Female,4601,28.6.2001,4
35,Dorothea De Cleen,ddey@live.com,Female,3365,27.5.1985,3
36,Rafaelita Prichet,rprichetz@prlog.org,Female,6730,22.4.1989,6
37,Vale Daine,"",Female,3551,27.12.1996,3
38,Dean Ramsted,dramsted11@csmonitor.com,Agender,7314,2.6.2002,7
39,Fifine Baff,fbaff12@example.com,Female,5753,24.9.1982,5
40,Eddi Gueinn,"",Female,5994,21.1.1987,5
41,Veriee Dunsmuir,"",Female,2545,3.5.1988,2
42,Lenka Turn,lturn15@jigsy.com,Female,5328,24.2.2002,5
43,Floris Capozzi,"",Female,9329,28.6.1985,9
44,Gelya Jagoe,gjagoe17@reference.com,Bigender,3472,16.8.2001,3
45,Anett Plues,aplues18@hubpages.com,Female,2968,6.8.1996,2
46,Langsdon Naisbitt,"",Male,5367,6.9.1987,5
47,Obie Lidster,olidster1a@t-online.de,Male,3568,20.8.1989,3
48,Deane Ferriere,dferriere1b@sfgate.com,Male,7259,5.5.1983,7
49,Robin Taaffe,rtaaffe1c@surveymonkey.com,Female,3389,6.8.1981,3
50,Carolee Bolesworth,cbolesworth1d@reuters.com,Genderfluid,3448,23.10.1985,3
51,Normy Marns,nmarns1e@reddit.com,Male,5296,28.1.2002,5
52,Douglass Sherebrook,dsherebrook1f@columbia.edu,Male,4185,25.6.1983,4
53,Sandi Gravenell,sgravenell1g@bluehost.com,Female,2534,13.11.2000,2
54,Wayland Twigley,wtwigley1h@google.com.br,Male,3065,19.8.1994,3
55,Sarene Squires,"",Female,3638,14.2.2002,3
56,Tuckie Winship,twinship1j@google.ru,Male,3605,20.4.2006,3
57,Roddie Kolak,rkolak1k@mapquest.com,Male,4921,4.10.2006,4
58,Freddy Goldthorpe,fgoldthorpe1l@rakuten.co.jp,Male,3689,27.4.1988,3
59,Pierette Dewberry,pdewberry1m@mayoclinic.com,Female,5886,19.2.1999,5
60,Moyna Jordanson,"",Female,3302,19.3.1986,3
61,Levi McCullen,lmccullen1o@naver.com,Male,6013,16.7.1985,6
62,Karleen Kinglake,kkinglake1p@netscape.com,Female,1378,11.7.2002,1
63,Queenie Bebb,qbebb1q@xrea.com,Female,5250,13.1.2004,5
64,Trenton McKall,tmckall1r@telegraph.co.uk,Male,3470,13.9.1999,3
65,Isiahi Vannuchi,ivannuchi1s@360.cn,Male,4368,4.11.2003,4
66,Ester Grishanin,egrishanin1t@prweb.com,Female,3232,27.3.1995,3
67,Antonella Lasham,"",Bigender,4336,5.2.2006,4
68,Amata Casley,acasley1v@themeforest.net,Female,6287,29.7.1994,6
69,Ara Breckwell,abreckwell1w@hp.com,Female,4058,30.1.1990,4
70,Yorgo Sprague,ysprague1x@lulu.com,Male,6570,20.12.1988,6
71,Avictor Gatus,agatus1y@1688.com,Male,4599,6.9.1998,4
72,Garrick Aish,gaish1z@google.co.jp,Male,4429,28.7.2002,4
73,Gal Macura,gmacura20@hc360.com,Male,5505,1.5.1982,5
74,Keefer Cavaney,kcavaney21@flickr.com,Polygender,1784,14.2.1999,1
75,Catherine McGann,cmcgann22@statcounter.com,Female,4211,21.7.1999,4
76,Auroora Ciccotto,aciccotto23@oakley.com,Non-binary,8349,10.3.1997,8
77,Roselia William,rwilliam24@google.com.hk,Female,5163,11.3.1988,5
78,Wally Brough,wbrough25@techcrunch.com,Male,7658,2.10.1987,7
79,Pren Nutty,pnutty26@blinklist.com,Male,3270,24.4.1996,3
80,Maura Orred,morred27@e-recht24.de,Polygender,7629,8.2.1996,7
81,Althea Warsop,awarsop28@cnbc.com,Female,5172,29.1.1987,5
82,Alexander Rapley,arapley29@technorati.com,Male,5466,4.10.1999,5
83,Ad Luipold,aluipold2a@taobao.com,Male,2132,13.6.1984,2
84,Justis Peotz,jpeotz2b@sina.com.cn,Male,5886,18.10.1996,5
85,Else Wreakes,ewreakes2c@blogspot.com,Female,4754,4.6.1990,4
86,Kaiser Balch,kbalch2d@reuters.com,Male,6776,21.8.2003,6
87,Heindrick McInnes,hmcinnes2e@irs.gov,Male,7303,3.7.1986,7
88,Goran Mathis,"",Male,2443,7.1.1993,2
89,Cortney O'Leagham,coleagham2g@nytimes.com,Female,3212,18.4.1990,3
90,Alexina Rubra,arubra2h@bing.com,Female,5824,22.11.1993,5
91,Kellsie Pullar,kpullar2i@clickbank.net,Female,1260,19.3.1983,1
92,Charita Royan,croyan2j@ovh.net,Female,4803,2.7.1991,4
93,Adore Farries,afarries2k@ed.gov,Female,9150,19.12.1989,9
94,Janette Tilling,jtilling2l@ed.gov,Female,1798,18.8.1988,1
95,Kylie Humpage,khumpage2m@ihg.com,Male,4529,17.1.1995,4
96,Edyth Paskin,epaskin2n@huffingtonpost.com,Female,1260,19.11.1986,1
97,Alejandrina Childes,achildes2o@icio.us,Female,5024,12.10.1986,5
98,Charmine Peregrine,"",Female,2643,10.7.1987,2
99,Trudie Arnoldi,tarnoldi2q@loc.gov,Female,4915,2.9.1997,4
100,Baudoin Gaylord,bgaylord2r@zimbio.com,Male,4574,13.9.1991,4
101,Hortensia Haylor,hhaylor2s@springer.com,Female,8711,31.1.1991,8
102,Ezequiel Artin,eartin2t@wordpress.com,Male,9214,8.7.1983,9
103,Clarance Freeth,cfreeth2u@lycos.com,Male,4978,27.11.2003,4
104,Jethro Yedy,jyedy2v@disqus.com,Male,3544,21.10.1985,3
105,Mufi Sowley,msowley2w@nymag.com,Genderqueer,3333,1.3.1990,3
106,Dorie Strafen,dstrafen2x@telegraph.co.uk,Female,6372,12.9.1981,6
107,Tracie Tomashov,ttomashov2y@kickstarter.com,Male,9040,19.2.1999,9
108,Conrade De Beneditti,cde2z@google.ca,Male,4700,10.6.2000,4
109,Jude Frohock,jfrohock30@g.co,Male,4155,27.1.2005,4
110,Margalit Gradwell,mgradwell31@va.gov,Female,5107,2.1.2006,5
111,Mignonne Gentery,"",Female,5709,30.4.1996,5
112,Edith Matula,ematula33@jugem.jp,Female,4713,29.11.1988,4
113,Gian Enochsson,genochsson34@simplemachines.org,Non-binary,5674,27.4.1990,5
114,Mendie Coultish,mcoultish35@walmart.com,Genderfluid,4061,18.2.1986,4
115,Levin McFarlane,lmcfarlane36@macromedia.com,Polygender,2828,24.5.1994,2
116,Vasilis Canedo,vcanedo37@mediafire.com,Male,5333,5.12.1996,5
117,Matthew Gjerde,mgjerde38@blogger.com,Bigender,6168,26.3.2001,6
118,Claudell Rayner,crayner39@friendfeed.com,Male,7355,25.3.1996,7
119,Niall Sackur,nsackur3a@guardian.co.uk,Male,8817,16.8.1995,8
120,Elfie Dicke,edicke3b@archive.org,Polygender,4440,23.11.2002,4
121,Ly Babb,lbabb3c@dmoz.org,Male,5383,23.2.2000,5
122,Lishe Stoneman,lstoneman3d@printfriendly.com,Genderfluid,6530,6.3.1990,6
123,Melinda Snarie,msnarie3e@cdc.gov,Female,1602,23.6.1988,1
124,Nicolis Parfrey,nparfrey3f@va.gov,Male,6313,1.7.1984,6
125,Lorraine Shelmardine,lshelmardine3g@ebay.co.uk,Female,353,16.5.1998,3
126,Simona Antonsson,santonsson3h@google.cn,Female,3096,23.10.1995,3
127,Lula Gabbett,lgabbett3i@netscape.com,Female,2816,21.8.1985,2
128,Judie Slader,jslader3j@salon.com,Female,5514,16.8.1992,5
129,Dwight Sharratt,dsharratt3k@freewebs.com,Male,2905,28.8.1992,2
130,Sarine Genner,sgenner3l@vinaora.com,Female,2978,23.8.1988,2
131,Jacobo Heyns,jheyns3m@alexa.com,Male,6604,7.11.1984,6
132,Daron Castelluzzi,dcastelluzzi3n@ow.ly,Male,6005,26.9.1988,6
133,Giorgio Rubin,grubin3o@yahoo.co.jp,Male,4821,27.2.2005,4
134,Dot Josef,djosef3p@hibu.com,Female,5747,11.3.2001,5
135,Pennie Nolleau,pnolleau3q@constantcontact.com,Female,2418,27.7.1999,2
136,Juan Sigg,jsigg3r@imgur.com,Male,2304,12.5.1987,2
137,Victoir Bawdon,vbawdon3s@twitpic.com,Male,6991,23.9.2002,6
138,Madge Bann,mbann3t@infoseek.co.jp,Female,8546,30.5.1996,8
139,Andy Beange,abeange3u@intel.com,Male,4538,20.4.1996,4
140,Marga Ballintyne,mballintyne3v@virginia.edu,Non-binary,5966,19.12.1995,5
141,Hollyanne Flaws,hflaws3w@posterous.com,Bigender,1690,24.11.2004,1
142,Keri Stachini,kstachini3x@unicef.org,Genderfluid,3904,24.3.1993,3
143,Land Spavins,lspavins3y@yolasite.com,Male,7451,26.5.1983,7
144,Annabell Klawi,aklawi3z@statcounter.com,Female,4502,24.4.1991,4
145,Kacie Mawman,kmawman40@skype.com,Polygender,4441,20.12.1996,4
146,Matthus Pobjoy,mpobjoy41@de.vu,Male,2371,11.9.2001,2
147,Linda Kusick,"",Female,8293,4.5.1990,8
148,Charlene Thewless,cthewless43@usatoday.com,Female,5463,3.10.2006,5
149,Sutherland Matches,smatches44@blinklist.com,Male,3729,28.11.1987,3
150,Nicolea Hambrook,nhambrook45@google.com.hk,Female,1388,1.11.1995,1
151,Brade Colicot,bcolicot46@bizjournals.com,Male,5658,26.12.2005,5
152,Lonna Elsworth,lelsworth47@youku.com,Female,5086,5.8.2002,5
153,Josefina Fautley,jfautley48@samsung.com,Female,7932,27.3.2001,7
154,August Coultass,acoultass49@netvibes.com,Male,3286,18.8.2001,3
155,Gawain Brayshay,gbrayshay4a@exblog.jp,Polygender,632,3.7.1989,6
156,Hakeem Arnson,harnson4b@g.co,Agender,5707,21.5.1988,5
157,Corrinne Sworn,"",Female,3943,15.1.2008,3
158,Lanie Balden,lbalden4d@w3.org,Male,4816,28.6.1997,4
159,Lauren Pittwood,lpittwood4e@mapy.cz,Male,7303,12.11.1999,7
160,Gavin Capnerhurst,gcapnerhurst4f@cbc.ca,Male,8398,27.12.1993,8
161,Rolph Rutley,"",Male,7400,3.4.2001,7
162,Jacques Strawbridge,jstrawbridge4h@wiley.com,Male,4207,4.5.1993,4
163,Audry Howle,ahowle4i@slashdot.org,Female,2850,23.8.1994,2
164,Cherrita Lockier,"",Female,2984,2.10.1997,2
165,Ximenes Toffetto,xtoffetto4k@oracle.com,Male,6709,13.8.1986,6
166,Donnamarie Hallsworth,dhallsworth4l@seesaa.net,Polygender,5061,21.4.2002,5
167,Kelvin Lilleman,klilleman4m@163.com,Male,6133,4.5.1984,6
168,Atlanta Luffman,"",Female,4640,6.4.1982,4
169,Doy Dodswell,ddodswell4o@guardian.co.uk,Male,3262,9.9.2001,3
170,Christian Blest,cblest4p@tripod.com,Female,1506,18.4.1986,1
171,Phylys Glasman,pglasman4q@php.net,Female,4411,18.1.1986,4
172,Madelene Stichall,mstichall4r@cbc.ca,Female,5434,14.8.1982,5
173,Alic Ramiro,aramiro4s@goodreads.com,Male,3393,15.3.1986,3
174,Chelsey Pedler,"",Female,5157,7.6.1981,5
175,Carmelia Beven,cbeven4u@geocities.com,Female,2907,24.3.1987,2
176,Elvira Rapport,erapport4v@google.it,Female,1984,1.5.2002,1
177,Truda Peck,tpeck4w@oracle.com,Polygender,3073,7.12.1990,3
178,Drucie Huffey,dhuffey4x@odnoklassniki.ru,Female,7442,23.6.1989,7
179,Cathrin Blunt,cblunt4y@google.cn,Female,1924,13.7.2002,1
180,Eldon Angear,eangear4z@apache.org,Male,4469,3.3.2007,4
181,Manny Chappelle,mchappelle50@phpbb.com,Male,3496,21.8.1986,3
182,Langston Laguerre,llaguerre51@usgs.gov,Male,6300,3.11.1986,6
183,Janot Worms,jworms52@bizjournals.com,Female,4181,17.6.2006,4
184,Ingrim Marusik,imarusik53@bizjournals.com,Agender,1827,4.4.1991,1
185,Geri Gehringer,ggehringer54@bing.com,Male,5449,24.8.1998,5
186,Merrill Olenin,molenin55@tiny.cc,Male,4009,7.6.2004,4
187,Ashia Spracklin,aspracklin56@istockphoto.com,Female,6415,21.1.1991,6
188,Reinhold Handyside,rhandyside57@example.com,Male,5778,3.8.1991,5
189,Kenny Manuele,kmanuele58@newsvine.com,Male,4500,8.5.1992,4
190,Adelheid Gentil,agentil59@salon.com,Female,3985,6.3.1997,3
191,Yoshiko Wolfart,ywolfart5a@nih.gov,Female,1517,10.4.1998,1
192,Juliane Petican,jpetican5b@google.co.uk,Polygender,2637,27.6.2007,2
193,Alyosha Kirvell,akirvell5c@umn.edu,Male,4033,28.8.1987,4
194,Goober Anthoine,ganthoine5d@telegraph.co.uk,Male,2500,17.6.2001,2
195,Liliane Hawkeswood,lhawkeswood5e@wikispaces.com,Female,3754,19.8.2000,3
196,Shelba Sutcliffe,ssutcliffe5f@gravatar.com,Female,4898,10.2.1986,4
197,Randee Brenston,rbrenston5g@nih.gov,Female,7246,3.5.1983,7
198,Mill Juett,"",Male,5515,16.3.1982,5
199,Neil Skentelbery,nskentelbery5i@deviantart.com,Male,5450,7.6.1987,5
200,Dana Camm,dcamm5j@pcworld.com,Female,3200,4.5.1982,3
201,Jules Cranson,jcranson5k@jugem.jp,Male,7198,6.2.2003,7
202,Peterus McKeurton,pmckeurton5l@simplemachines.org,Genderqueer,5321,12.12.1992,5
203,Silvanus Dressel,sdressel5m@mozilla.com,Male,9746,7.6.1999,9
204,Lynelle Junkison,ljunkison5n@nsw.gov.au,Female,3677,26.5.1997,3
205,Cirillo Hartford,"",Male,2624,9.8.1991,2
206,Edmon Haddock,ehaddock5p@liveinternet.ru,Male,7480,20.3.1997,7
207,Bryanty Lock,block5q@nydailynews.com,Male,2198,23.4.1984,2
208,Traci Parr,tparr5r@independent.co.uk,Non-binary,4275,1.7.1985,4
209,Quintin McGowing,"",Male,5447,12.7.1996,5
210,Jermayne Rain,jrain5t@creativecommons.org,Male,4593,4.3.1999,4
211,Wilmar Ausello,wausello5u@telegraph.co.uk,Male,2391,25.6.2007,2
212,Dalila Blackboro,dblackboro5v@taobao.com,Female,5326,5.2.1987,5
213,Melodie Caldera,mcaldera5w@aol.com,Female,7667,10.12.2005,7
214,Harland Dye,hdye5x@guardian.co.uk,Male,682,1.10.2001,6
215,Irma Phaup,iphaup5y@merriam-webster.com,Female,2806,28.5.1997,2
216,Arney Matuszewski,amatuszewski5z@huffingtonpost.com,Male,2796,8.11.2005,2
217,Cordelia Creeghan,ccreeghan60@paginegialle.it,Female,5255,19.5.1983,5
218,Siffre Rew,srew61@studiopress.com,Male,2324,14.3.2006,2
219,Harbert Gaywood,hgaywood62@wired.com,Male,5716,26.5.1983,5
220,Matthew Bergen,mbergen63@macromedia.com,Male,4395,2.10.2005,4
221,Ferdy Ferrieres,fferrieres64@ezinearticles.com,Male,1510,20.2.1998,1
222,Ezequiel Sturley,esturley65@ovh.net,Male,5910,12.10.2004,5
223,Tremaine Kaye,tkaye66@upenn.edu,Male,7808,22.1.1998,7
224,Clemmie Sturdey,csturdey67@foxnews.com,Male,6868,3.5.1986,6
225,Griffy McLise,gmclise68@slashdot.org,Male,6498,8.12.1999,6
226,Florry Gethouse,fgethouse69@soundcloud.com,Polygender,6158,20.10.2004,6
227,Reagen Clitsome,rclitsome6a@g.co,Male,2870,19.9.2001,2
228,Troy Larrat,tlarrat6b@360.cn,Male,5461,22.12.1994,5
229,Briant Sweetmore,bsweetmore6c@bigcartel.com,Agender,5188,27.10.2002,5
230,Kaile Ripsher,kripsher6d@1und1.de,Female,6141,29.10.1988,6
231,Deny Mintram,dmintram6e@wp.com,Female,4664,28.9.1994,4
232,Maren Curbishley,mcurbishley6f@tripod.com,Female,6134,12.10.1995,6
233,Ilka Jeggo,"",Female,5161,1.10.2004,5
234,Merrill Gerckens,"",Female,4226,1.4.1998,4
235,Hewitt Semens,"",Male,5772,9.3.1987,5
236,Ashia Airy,aairy6j@mit.edu,Non-binary,5653,28.12.1995,5
237,Layne Harewood,lharewood6k@harvard.edu,Female,3403,24.8.1986,3
238,Godfree Aluard,galuard6l@tiny.cc,Male,3664,14.2.1983,3
239,Riley Ryce,rryce6m@t-online.de,Male,9448,12.7.1990,9
240,Terra McQuilkin,tmcquilkin6n@myspace.com,Female,1599,14.1.2002,1
241,Rozalin Giblin,"",Female,3910,14.5.1985,3
242,Valeda Auchinleck,vauchinleck6p@blogger.com,Female,5425,21.9.1983,5
243,Kellsie Goman,kgoman6q@blogger.com,Female,5162,2.2.1997,5
244,Alberto Miliffe,amiliffe6r@mit.edu,Male,6664,10.6.1998,6
245,Allene Duchasteau,aduchasteau6s@desdev.cn,Female,3619,14.4.1992,3
246,Odelia Benez,obenez6t@samsung.com,Female,4730,21.3.1987,4
247,Philis Grigorian,pgrigorian6u@topsy.com,Female,1058,15.2.1998,1
248,Earl Addyman,"",Male,5794,13.3.1995,5
249,Adoree Pygott,apygott6w@ask.com,Female,2064,11.6.2005,2
250,Guinevere Glyssanne,"",Female,4296,29.12.1996,4
251,Weber Taree,wtaree6y@arizona.edu,Male,9030,18.6.1983,9
252,Zach Burnsyde,zburnsyde6z@tripadvisor.com,Polygender,5368,10.10.1986,5
253,Darbie Meatyard,dmeatyard70@google.de,Female,4272,5.8.1982,4
254,Jarrad Maylott,jmaylott71@google.ca,Male,3403,24.3.1988,3
255,Owen Ratter,oratter72@bloglines.com,Male,4300,21.5.1987,4
256,Isadora Dever,idever73@virginia.edu,Female,2670,23.11.1993,2
257,Delcina Ibbott,dibbott74@netscape.com,Female,12458,9.12.1992,1
258,Jerrome Ilyukhov,jilyukhov75@newyorker.com,Male,6353,15.6.1998,6
259,Crosby Darco,cdarco76@yandex.ru,Male,1973,1.7.1991,1
260,Avis Miroy,amiroy77@ameblo.jp,Bigender,5505,17.10.1994,5
261,Luce McEwan,lmcewan78@facebook.com,Female,4001,24.12.1985,4
262,Armin Raysdale,araysdale79@redcross.org,Male,4817,7.8.2005,4
263,Sherilyn Chessil,schessil7a@reddit.com,Female,3995,2.5.1988,3
264,Huntlee Simanenko,hsimanenko7b@soundcloud.com,Male,2535,24.3.1997,2
265,Janine Riguard,"",Female,4921,11.1.1995,4
266,Lorry Marnane,lmarnane7d@eventbrite.com,Male,4908,11.8.1996,4
267,Dewitt McPeck,dmcpeck7e@bloglovin.com,Male,6668,31.5.1982,6
268,Elton Northidge,enorthidge7f@livejournal.com,Male,5410,12.4.1991,5
269,Mari Terbrugge,mterbrugge7g@angelfire.com,Female,5792,10.10.1998,5
270,Malinda McNellis,mmcnellis7h@tripod.com,Female,2210,10.9.1993,2
271,Sara-ann Espine,sespine7i@so-net.ne.jp,Genderfluid,2808,11.7.1984,2
272,Giles Marquand,gmarquand7j@dion.ne.jp,Male,10546,9.7.2007,1
273,Robbert Esche,resche7k@hao123.com,Male,3297,4.1.2005,3
274,Shana O'Logan,sologan7l@photobucket.com,Bigender,8272,29.8.2005,8
275,Wendye Labin,wlabin7m@dyndns.org,Female,3766,29.5.1984,3
276,Berny Fronsek,bfronsek7n@blogs.com,Male,8793,14.10.2007,8
277,Gare Charity,"",Male,5973,9.1.1989,5
278,Ainslie Eldon,aeldon7p@google.fr,Female,2527,2.8.2000,2
279,Demeter Allenby,dallenby7q@fema.gov,Female,411,6.10.1987,4
280,Meridel Thomelin,mthomelin7r@vinaora.com,Genderfluid,6912,26.9.2003,6
281,Kitty Fayne,kfayne7s@networksolutions.com,Female,2434,17.4.1992,2
282,Dorri Muscott,dmuscott7t@comcast.net,Female,871,28.6.1986,8
283,Sally Dyke,sdyke7u@smh.com.au,Female,2143,16.6.2003,2
284,Nananne Aumerle,naumerle7v@umn.edu,Female,2211,11.5.1994,2
285,Kissee Babbs,kbabbs7w@storify.com,Female,2554,24.11.1999,2
286,Iain Polly,ipolly7x@addthis.com,Male,5982,13.3.2004,5
287,Lana Paff,lpaff7y@cafepress.com,Female,3009,10.3.1985,3
288,Georgianna Lyfield,glyfield7z@cpanel.net,Female,7798,1.4.1999,7
289,Leeann Britt,lbritt80@webnode.com,Female,5854,11.3.1985,5
290,Karie Lattos,klattos81@ihg.com,Female,3955,28.7.1985,3
291,Cort Cotterrill,ccotterrill82@ocn.ne.jp,Male,4210,15.5.1990,4
292,Andromache Litt,alitt83@surveymonkey.com,Female,5381,29.8.2002,5
293,Jan Di Antonio,"",Male,4857,27.3.1991,4
294,Homere Raffeorty,hraffeorty85@ezinearticles.com,Male,-164,2.9.2005,-
295,Ahmad Faraday,afaraday86@hhs.gov,Male,3221,30.8.1991,3
296,Lucho Brotherhood,lbrotherhood87@arizona.edu,Male,6594,20.3.1996,6
297,Uriah Lambole,ulambole88@icq.com,Male,3816,26.8.2000,3
298,Arvy Leverage,aleverage89@prnewswire.com,Male,1946,21.7.1989,1
299,Wallie Jerrard,"",Female,7989,27.1.1985,7
300,Mehetabel Armatidge,marmatidge8b@tumblr.com,Female,1980,8.12.1985,1
301,Pen Landells,plandells8c@fastcompany.com,Female,5471,20.1.2005,5
302,Emalia Malthouse,"",Agender,5193,21.9.1993,5
303,Violante Heskin,"",Female,5553,26.5.1981,5
304,Marguerite Ismail,"",Female,7754,29.8.2003,7
305,Bryon Nield,bnield8g@yale.edu,Male,6014,19.7.2001,6
306,Kingston Ferreri,kferreri8h@nature.com,Male,7279,8.3.1985,7
307,Natka Siemianowicz,nsiemianowicz8i@scribd.com,Female,3776,28.12.2005,3
308,Vitia Deevey,vdeevey8j@twitpic.com,Female,6712,14.12.1996,6
309,Alethea Bollands,abollands8k@newyorker.com,Female,5780,10.12.2004,5
310,Colman Gatteridge,cgatteridge8l@shinystat.com,Male,2735,19.5.1991,2
311,Sigismond McTrustrie,smctrustrie8m@nbcnews.com,Genderqueer,4867,6.12.2002,4
312,Blondell Swiffan,"",Female,8230,11.1.1981,8
313,Eduardo Pleager,epleager8o@cisco.com,Male,5169,27.7.2003,5
314,Gardner Saberton,gsaberton8p@boston.com,Male,4665,16.4.1987,4
315,Pen Burdas,pburdas8q@kickstarter.com,Male,2023,16.1.1981,2
316,Aleta Parkey,aparkey8r@hostgator.com,Female,3494,20.8.1989,3
317,Levey Midden,lmidden8s@typepad.com,Male,3877,13.8.1999,3
318,Oliviero Dureden,odureden8t@tinypic.com,Male,890,10.3.1996,8
319,Gerry Kermon,gkermon8u@google.com.au,Male,4219,11.10.1981,4
320,Graham Aldrin,galdrin8v@i2i.jp,Male,6866,7.4.1984,6
321,Victoir Bartul,vbartul8w@freewebs.com,Male,7520,3.3.2000,7
322,Cobby Adelman,"",Male,6150,14.2.1995,6
323,Tanny Cruden,tcruden8y@blogs.com,Male,3143,27.3.1981,3
324,Gardy Bateman,gbateman8z@sohu.com,Male,5231,3.11.1982,5
325,Verena Kimmince,vkimmince90@howstuffworks.com,Female,2937,23.2.1996,2
326,Tom Blastock,"",Male,5368,11.12.2006,5
327,Ardis Vasyukhichev,avasyukhichev92@free.fr,Female,4094,25.3.2007,4
328,Virginia Sarver,vsarver93@cdbaby.com,Female,4695,3.7.1988,4
329,Simonette Hulstrom,shulstrom94@stumbleupon.com,Female,7115,29.8.1988,7
330,Aluino Terbeek,aterbeek95@goo.ne.jp,Male,7747,15.3.1994,7
331,Lily Rembrant,lrembrant96@springer.com,Female,6020,24.3.1986,6
332,Lorenza Kennelly,lkennelly97@facebook.com,Female,7838,26.11.1994,7
333,Mycah Bindley,mbindley98@goodreads.com,Male,4754,18.3.1992,4
334,Ki Geroldini,kgeroldini99@a8.net,Female,3245,3.6.1995,3
335,Evelin Grocott,egrocott9a@bbc.co.uk,Male,3599,11.2.1996,3
336,Ingamar Cohr,icohr9b@nhs.uk,Male,3281,17.9.2004,3
337,Nicolina Worpole,nworpole9c@tamu.edu,Female,4420,20.10.2007,4
338,Anjela Lewing,alewing9d@creativecommons.org,Female,2689,23.11.1986,2
339,Sheila-kathryn Seak,sseak9e@yellowbook.com,Female,2224,6.8.2004,2
340,Donelle MacBarron,dmacbarron9f@freewebs.com,Female,2701,26.3.1987,2
341,Ron Gye,rgye9g@ftc.gov,Male,3568,17.1.1985,3
342,Derwin Mulmuray,dmulmuray9h@wordpress.com,Male,7883,21.5.1982,7
343,Davis Ibert,dibert9i@tiny.cc,Male,6494,27.7.1986,6
344,Dominik Shilstone,dshilstone9j@deliciousdays.com,Male,3315,12.8.2007,3
345,Jeannie Harteley,"",Agender,2447,10.7.1989,2
346,Seymour Froment,sfroment9l@macromedia.com,Male,4525,10.2.1983,4
347,Oliy Radclyffe,oradclyffe9m@eventbrite.com,Female,7312,22.11.2005,7
348,Hillard Cosins,hcosins9n@blogtalkradio.com,Male,5370,18.3.1981,5
349,Almeria Andrassy,aandrassy9o@state.gov,Female,4023,23.2.2001,4
350,Nata Boote,nboote9p@parallels.com,Agender,6978,30.3.1995,6
351,Trista Ladd,tladd9q@yandex.ru,Female,407,16.7.1987,4
352,Berkeley MacNish,bmacnish9r@microsoft.com,Male,6284,12.7.1987,6
353,Letta Llewelyn,lllewelyn9s@bizjournals.com,Female,3549,8.9.2002,3
354,Georgiana Ullett,gullett9t@craigslist.org,Female,7018,17.10.1998,7
355,Kenon Eades,keades9u@tinypic.com,Genderqueer,1238,24.7.1994,1
356,Zaneta Bernardini,zbernardini9v@deviantart.com,Female,1924,3.5.1996,1
357,Berti Styles,bstyles9w@marketwatch.com,Male,3855,21.5.1990,3
358,Filip Grinham,fgrinham9x@mail.ru,Male,3852,23.4.1988,3
359,Gearard Lodemann,glodemann9y@booking.com,Male,2229,21.3.2004,2
360,Roselin Pettisall,rpettisall9z@illinois.edu,Female,7150,1.12.2006,7
361,Cyril Grishanov,cgrishanova0@toplist.cz,Male,3455,25.5.1996,3
362,Dallas Morad,dmorada1@latimes.com,Female,8743,30.1.2006,8
363,Dalli McNeigh,dmcneigha2@hexun.com,Male,4996,7.9.2006,4
364,Verge Berston,vberstona3@typepad.com,Male,9755,21.7.1994,9
365,Linus Bras,lbrasa4@youtube.com,Male,6705,13.12.2007,6
366,Woodman Jauncey,wjaunceya5@vistaprint.com,Male,4280,31.7.1994,4
367,Patrick Anthona,panthonaa6@ycombinator.com,Male,3095,14.4.1995,3
368,Jerrilyn Tawse,"",Female,3691,20.1.1987,3
369,Corney McKeand,cmckeanda8@nyu.edu,Male,909,23.11.2001,9
370,Kellina Paddemore,kpaddemorea9@sbwire.com,Bigender,6887,20.4.2001,6
371,Braden Boughen,"",Male,7801,6.11.1991,7
372,Ali Lynett,"",Polygender,3535,11.11.1986,3
373,Robers Pecha,rpechaac@4shared.com,Male,1050,6.6.2003,1
374,Poppy Coton,"",Female,6979,19.12.2002,6
375,Dulcia Kollas,dkollasae@jugem.jp,Female,9133,13.8.1998,9
376,Wade Lambrick,wlambrickaf@ebay.com,Male,1653,17.6.1984,1
377,Taddeo Bathersby,tbathersbyag@nasa.gov,Male,3382,21.9.2006,3
378,Ted Elvy,"",Female,6658,21.8.1999,6
379,Bambi Prandi,bprandiai@yellowpages.com,Female,6438,19.4.2000,6
380,Gaylor Dahl,gdahlaj@devhub.com,Agender,3814,17.3.1994,3
381,Sarita Bussen,sbussenak@netscape.com,Female,7763,13.2.2005,7
382,Madelena Hunt,mhuntal@chron.com,Bigender,4144,19.10.2000,4
383,Emylee Boutwell,eboutwellam@hc360.com,Female,3992,28.12.2001,3
384,Thorndike Andriss,tandrissan@wp.com,Male,4630,2.8.1985,4
385,Cherye Gallichan,cgallichanao@netlog.com,Female,4610,16.6.2005,4
386,Teena Jeffress,tjeffressap@ow.ly,Female,2471,5.11.1992,2
387,Shantee Levin,slevinaq@fc2.com,Bigender,5838,18.11.1981,5
388,Angeline Conley,aconleyar@naver.com,Female,1426,21.1.1991,1
389,Glynn Takkos,gtakkosas@house.gov,Male,3608,12.11.1989,3
390,Franchot Vittel,fvittelat@cbc.ca,Male,5209,22.9.2005,5
391,Lindsay Erdis,"",Male,3822,1.2.1984,3
392,Marice Gammet,mgammetav@redcross.org,Female,4335,22.6.1985,4
393,Ruthy Marryatt,rmarryattaw@google.co.jp,Non-binary,7238,2.1.1997,7
394,Blake De la Harpe,bdeax@booking.com,Male,3212,9.10.2005,3
395,Lizzie Mowles,"",Female,6763,23.4.1990,6
396,Matthias Cantle,"",Male,7212,28.1.2004,7
397,Corilla Peealess,cpeealessb0@opera.com,Female,6620,19.6.1987,6
398,Rikki Marquiss,rmarquissb1@mozilla.com,Male,7089,25.5.1997,7
399,Roger Judkins,rjudkinsb2@theatlantic.com,Male,2647,26.1.2006,2
400,Gallard Ingliby,ginglibyb3@mapquest.com,Male,3805,3.11.1990,3
401,Ches Mellenby,cmellenbyb4@epa.gov,Male,4250,21.8.1984,4
402,Ollie Wortman,"",Male,1401,27.10.1986,1
403,Roderic Gamble,rgambleb6@dailymotion.com,Male,4265,26.4.2003,4
404,Zack Easbie,zeasbieb7@phpbb.com,Male,3074,5.6.1992,3
405,Oby O'Corr,"",Male,3801,23.6.1999,3
406,Branden Billingham,bbillinghamb9@netscape.com,Male,193,25.4.1985,1
407,Britt Juan,"",Female,5020,29.12.1988,5
408,Maximo Andrysek,mandrysekbb@shareasale.com,Male,5482,23.11.2001,5
409,Silva Sharpley,ssharpleybc@yandex.ru,Female,1868,29.11.2001,1
410,Tedmund Andriuzzi,tandriuzzibd@eventbrite.com,Male,6890,20.11.2002,6
411,Keene Bonson,kbonsonbe@multiply.com,Male,4144,23.6.1990,4
412,Buck Ninnoli,bninnolibf@nifty.com,Male,2496,5.10.2000,2
413,Ortensia Shoebridge,oshoebridgebg@elegantthemes.com,Female,3733,27.8.2001,3
414,Amie Wimlett,awimlettbh@hhs.gov,Female,2034,21.5.2003,2
415,Roman Barwell,rbarwellbi@rediff.com,Male,4013,9.9.1990,4
416,Carlie Warner,cwarnerbj@zdnet.com,Male,4449,19.12.1984,4
417,Bettine Creed,bcreedbk@yelp.com,Female,6346,3.3.1989,6
418,Neale Jozsika,njozsikabl@fc2.com,Male,7495,19.1.1981,7
419,Kaleb Faccini,kfaccinibm@about.me,Male,5060,17.7.1987,5
420,Reynold Kohneke,"",Male,3598,31.12.1996,3
421,Koren Stonuary,kstonuarybo@google.ca,Female,5668,26.3.1995,5
422,Chick Luxmoore,cluxmoorebp@bbb.org,Male,4652,14.11.2006,4
423,Martica Eagland,meaglandbq@economist.com,Bigender,7736,27.1.1992,7
424,Inger Bodicam,ibodicambr@linkedin.com,Female,7824,24.1.1987,7
425,Cal Peachment,cpeachmentbs@china.com.cn,Male,4385,15.2.2004,4
426,Stanislas Chugg,"",Male,4638,13.10.2001,4
427,Bealle Franses,bfransesbu@tumblr.com,Genderfluid,6203,26.2.2002,6
428,Tracie Selway,tselwaybv@scribd.com,Male,9514,2.4.1988,9
429,Nada Kubacki,nkubackibw@archive.org,Female,4123,30.9.2006,4
430,Jeanie Finney,jfinneybx@cnet.com,Female,2963,17.1.1982,2
431,Babs Hedditeh,bhedditehby@timesonline.co.uk,Female,4528,24.6.1998,4
432,Laurence MacFadden,lmacfaddenbz@nifty.com,Male,5913,16.12.1993,5
433,Nariko Sleford,nslefordc0@hao123.com,Bigender,7294,3.12.2002,7
434,Urbain Gauvin,ugauvinc1@google.cn,Male,5610,13.9.2003,5
435,Glyn Stiebler,gstieblerc2@youtu.be,Female,4900,4.11.1982,4
436,Ronnie Simak,"",Female,5602,3.9.1989,5
437,Archy Muckeen,amuckeenc4@tinypic.com,Male,6860,21.12.1994,6
438,Edna Isaksson,eisakssonc5@prweb.com,Female,7260,3.11.1997,7
439,Hiram Hadwen,hhadwenc6@tumblr.com,Male,3076,15.11.1992,3
440,Fayina Dowry,fdowryc7@acquirethisname.com,Female,3534,6.7.1992,3
441,Stearn Flohard,sflohardc8@over-blog.com,Male,2277,5.3.2003,2
442,Samaria Scurrell,"",Female,2287,17.2.1982,2
443,Lucy Sitford,lsitfordca@smugmug.com,Female,8172,8.9.1998,8
444,Sander Poytress,"",Male,6621,5.5.1984,6
445,Maggie Tremathack,mtremathackcc@state.gov,Female,3966,19.5.2007,3
446,Bev Caulfield,bcaulfieldcd@yellowpages.com,Female,5213,22.5.1988,5
447,Micki Schermick,mschermickce@uol.com.br,Female,3675,21.1.1990,3
448,Milli Rout,mroutcf@techcrunch.com,Female,4854,5.5.2007,4
449,Krishna Scoggan,kscoggancg@timesonline.co.uk,Male,5190,8.4.2005,5
450,Maia MacDowal,mmacdowalch@yellowbook.com,Genderqueer,3297,21.4.2007,3
451,Caz Bouskill,cbouskillci@csmonitor.com,Male,3817,20.6.1995,3
452,Paxon Galer,pgalercj@wordpress.com,Male,1839,31.3.2002,1
453,Maddalena Sleney,msleneyck@businessinsider.com,Female,3483,17.12.1994,3
454,Angelia Deeble,adeeblecl@live.com,Female,2263,19.11.1984,2
455,Claybourne Delbergue,cdelberguecm@engadget.com,Polygender,6430,8.6.2002,6
456,Melodee Frank,mfrankcn@tripod.com,Female,1355,15.1.1990,1
457,Bianca Jacqueminet,bjacqueminetco@google.co.jp,Female,8521,2.10.1987,8
458,Kaylee Olijve,kolijvecp@macromedia.com,Female,5141,30.4.2004,5
459,Vonni Handover,vhandovercq@wired.com,Female,5360,23.8.2001,5
460,Justus Joberne,"",Male,4300,14.2.2001,4
461,Harley Tooke,htookecs@discovery.com,Female,3057,29.10.1983,3
462,Gabie Blundon,gblundonct@storify.com,Male,3141,21.12.1987,3
463,Angelika Latey,alateycu@nature.com,Female,4474,21.5.1998,4
464,Avery Ducaen,aducaencv@dailymotion.com,Agender,4666,2.11.2002,4
465,Tait Perin,tperincw@seesaa.net,Male,2782,18.7.1986,2
466,Alisha Van der Krui,avancx@ebay.co.uk,Female,7828,23.5.2004,7
467,Giavani Bernardeschi,"",Male,4690,22.4.1993,4
468,Ashby Carlisle,acarlislecz@sina.com.cn,Male,3015,21.10.2001,3
469,Sinclare Haibel,shaibeld0@bluehost.com,Male,7284,2.3.1997,7
470,Noah Skottle,nskottled1@sourceforge.net,Male,4057,16.12.1997,4
471,Maryellen Spradbery,mspradberyd2@wix.com,Female,6882,10.7.1991,6
472,Kristo Drejer,kdrejerd3@wikipedia.org,Male,3755,5.2.1985,3
473,Winona Risebarer,wrisebarerd4@list-manage.com,Female,4076,28.9.2002,4
474,Aggie enzley,aenzleyd5@auda.org.au,Female,8736,29.2.2000,8
475,Darren Balducci,dbalduccid6@wufoo.com,Male,3563,23.10.1993,3
476,Marcello Drance,mdranced7@samsung.com,Male,2390,2.4.2003,2
477,Cassey Moxley,cmoxleyd8@oracle.com,Female,55,27.6.2002,5
478,Diannne Burt,dburtd9@vistaprint.com,Female,4754,9.2.1986,4
479,Carr Eliez,celiezda@fda.gov,Male,7336,1.11.2002,7
480,Gerta Clemow,gclemowdb@github.com,Female,3629,3.12.1996,3
481,Esta St Pierre,estdc@etsy.com,Female,2563,1.2.1988,2
482,Joycelin Pibworth,jpibworthdd@theguardian.com,Female,-653,4.3.1997,-
483,Giselle Cowap,"",Female,2488,25.6.1995,2
484,Hermy Bacchus,hbacchusdf@elegantthemes.com,Male,3362,4.8.2003,3
485,Simeon Toovey,"",Male,3160,16.4.1988,3
486,Valentina Sawdon,vsawdondh@altervista.org,Female,6132,15.11.1993,6
487,Francois Santello,fsantellodi@nbcnews.com,Male,3474,8.11.1998,3
488,Sergeant Betteson,sbettesondj@adobe.com,Male,1618,29.11.1989,1
489,Fielding Spelman,fspelmandk@51.la,Male,813,11.11.1988,8
490,Shea Appleyard,sappleyarddl@technorati.com,Male,4509,11.11.1996,4
491,Brooke Dorracott,bdorracottdm@cbslocal.com,Bigender,6185,12.6.1989,6
492,Ebba Parsisson,eparsissondn@exblog.jp,Female,6371,11.9.2005,6
493,Olympe Orum,oorumdo@biblegateway.com,Female,4552,23.11.1988,4
494,Inez Davidsen,idavidsendp@google.nl,Female,9040,21.9.1983,9
495,Alic Wrettum,awrettumdq@macromedia.com,Male,6991,17.4.2007,6
496,Ashly Keets,akeetsdr@shop-pro.jp,Female,4048,29.4.1986,4
497,Shara Stayte,sstayteds@issuu.com,Female,6105,11.6.1982,6
498,Evelyn Olver,eolverdt@go.com,Female,4191,13.12.2002,4
499,Berny Gosden,"",Male,3399,25.1.1992,3
500,Nelson Raith,nraithdv@friendfeed.com,Male,3518,30.12.2005,3
501,Katerine Exter,kexterdw@furl.net,Female,3670,16.1.1995,3
502,See Norcliff,snorcliffdx@parallels.com,Male,9601,26.11.1998,9
503,Fabien Patron,fpatrondy@exblog.jp,Male,3701,4.5.1990,3
504,Ricky Alexsandrowicz,ralexsandrowiczdz@wp.com,Genderqueer,4239,14.2.1988,4
505,Farris Kentish,fkentishe0@reuters.com,Male,3802,27.7.1995,3
506,Ely McCoole,emccoolee1@hostgator.com,Male,1595,22.6.1991,1
507,Carolynn Luney,cluneye2@epa.gov,Female,2588,23.12.2002,2
508,Diena Diess,ddiesse3@google.ru,Female,2354,9.7.1984,2
509,Xymenes Wainer,"",Male,2545,27.5.1997,2
510,Stanford Toffano,stoffanoe5@deviantart.com,Male,6322,26.1.1993,6
511,Carena Delagnes,cdelagnese6@nasa.gov,Female,5976,19.10.1989,5
512,Torie Stockell,tstockelle7@newyorker.com,Female,5699,28.6.1995,5
513,Engelbert Brinkworth,"",Bigender,4887,19.5.1993,4
514,Charyl Fosse,cfossee9@walmart.com,Female,4548,8.2.2003,4
515,Roberto Ballister,rballisterea@mlb.com,Male,3298,22.6.2005,3
516,Rafaelita Albany,ralbanyeb@themeforest.net,Female,6697,9.3.2005,6
517,Imogene Gonthier,"",Female,3127,23.4.1990,3
518,Bartholomeo O' Dornan,boed@51.la,Male,6835,27.7.1990,6
519,Dalton Macias,dmaciasee@typepad.com,Male,6489,18.9.1983,6
520,Cherish Josifovic,cjosifovicef@fema.gov,Female,1393,24.12.2007,1
521,Sheffy Antunes,santuneseg@pinterest.com,Male,3224,12.4.1996,3
522,Gianni Schimonek,gschimonekeh@twitter.com,Male,5090,21.6.2000,5
523,Sigismond Cusack,scusackei@feedburner.com,Male,3329,9.9.1982,3
524,Ashla Assur,aassurej@phpbb.com,Female,3437,10.9.2001,3
525,Emelen Northeast,enortheastek@surveymonkey.com,Male,4581,29.7.1990,4
526,Poppy McDowell,"",Female,8035,29.10.1983,8
527,Padraic Dargie,pdargieem@typepad.com,Male,4658,9.3.1983,4
528,Giffie Kenion,gkenionen@google.es,Male,1980,9.9.1982,1
529,Bendick Breffitt,"",Agender,6146,29.4.1984,6
530,Maud Coller,mcollerep@ovh.net,Female,5182,20.6.1995,5
531,Conan Brosnan,cbrosnaneq@slashdot.org,Male,5230,30.5.1990,5
532,Noelani Deighan,ndeighaner@opensource.org,Female,3906,24.5.1983,3
533,Nicky MacNeely,nmacneelyes@nyu.edu,Male,4635,10.8.2002,4
534,Mozes Milleton,mmilletonet@clickbank.net,Male,1255,19.5.1998,1
535,Shelden Ubank,subankeu@phoca.cz,Male,5542,12.12.1986,5
536,Aldous Micah,amicahev@examiner.com,Male,4308,25.3.1997,4
537,Carilyn Gatfield,cgatfieldew@about.com,Female,5252,25.3.2006,5
538,Britte Sanbroke,bsanbrokeex@vk.com,Female,6162,1.8.1985,6
539,Moses Daldry,mdaldryey@de.vu,Male,1784,19.10.1998,1
540,Barrie Quincey,"",Male,-889,28.7.2006,-
541,Jeremiah Rookesby,jrookesbyf0@buzzfeed.com,Male,193,1.5.1994,1
542,Ardelis Allmond,aallmondf1@time.com,Female,5897,23.9.1992,5
543,Nari Marchand,nmarchandf2@gmpg.org,Female,2391,8.10.1999,2
544,Vale Balsillie,"",Male,5614,12.2.1995,5
545,Lawton Cardis,lcardisf4@fc2.com,Male,3239,11.1.1995,3
546,Benoit Gadsdon,bgadsdonf5@pcworld.com,Male,4904,13.1.2007,4
547,Rosalie Setch,rsetchf6@noaa.gov,Bigender,4870,11.3.1984,4
548,Federica Littley,flittleyf7@reference.com,Female,1977,24.7.1983,1
549,Ricky Mateu,rmateuf8@behance.net,Male,4725,26.5.1989,4
550,Olia Lowdham,olowdhamf9@wikia.com,Female,5166,6.1.1994,5
551,Haskel Dunthorne,hdunthornefa@hud.gov,Male,3233,29.10.1993,3
552,Hillary Scranney,hscranneyfb@disqus.com,Female,4814,28.4.1984,4
553,Tiler Hance,thancefc@nbcnews.com,Male,6158,16.5.1981,6
554,Nara O'Connor,"",Female,2782,2.5.1981,2
555,Casar Brusby,"",Male,3082,10.7.1991,3
556,Archibaldo Broom,abroomff@unicef.org,Male,2944,31.3.1984,2
557,Ly Maty,lmatyfg@ftc.gov,Male,5403,26.5.1986,5
558,Domenico Scudder,dscudderfh@tamu.edu,Male,6733,27.2.1987,6
559,Shay Joe,sjoefi@mysql.com,Male,5345,30.10.1984,5
560,Roanne Humbert,rhumbertfj@homestead.com,Female,4846,29.11.1991,4
561,Archie Lamblin,"",Male,5431,20.4.1985,5
562,Silas Matthius,smatthiusfl@technorati.com,Male,6689,21.2.1991,6
563,Grover Macewan,gmacewanfm@japanpost.jp,Male,2236,7.6.2004,2
564,Ira Tomlinson,itomlinsonfn@yale.edu,Female,5239,8.10.2002,5
565,Klaus Herkess,kherkessfo@wix.com,Male,6327,25.4.1983,6
566,Karmen Ladyman,kladymanfp@typepad.com,Female,1988,8.3.2000,1
567,Liam Sleeford,lsleefordfq@ask.com,Male,1825,12.4.1992,1
568,Fanya Veque,fvequefr@barnesandnoble.com,Female,4043,5.4.1982,4
569,Dorotea Mountjoy,dmountjoyfs@hud.gov,Female,2236,14.1.1991,2
570,Dane Morstatt,dmorstattft@sfgate.com,Male,4111,28.8.2007,4
571,Tate Goodsall,tgoodsallfu@answers.com,Male,3759,28.10.2002,3
572,Ermanno L'Episcopi,elepiscopifv@typepad.com,Male,7712,19.8.1998,7
573,Ramonda Codlin,rcodlinfw@apple.com,Female,4852,6.12.1992,4
574,Pooh Kernan,pkernanfx@newsvine.com,Female,4447,22.11.1982,4
575,Phyllis Askie,paskiefy@blogspot.com,Female,3530,7.8.2002,3
576,Jolyn Reuss,jreussfz@weather.com,Female,4980,23.11.1992,4
577,Dorolisa Beddard,dbeddardg0@quantcast.com,Female,5185,17.1.2003,5
578,Gracie Zecchini,gzecchinig1@mediafire.com,Female,4555,23.11.1983,4
579,Dewain Jakoubek,djakoubekg2@dmoz.org,Male,3624,10.1.1996,3
580,Emeline Kneaphsey,ekneaphseyg3@loc.gov,Genderqueer,2594,19.6.1984,2
581,Karlotta Slader,ksladerg4@twitter.com,Female,4852,7.3.1989,4
582,Pepita Cayton,pcaytong5@apple.com,Female,4139,25.7.1993,4
583,Christiano Annell,cannellg6@ihg.com,Male,2864,14.11.1992,2
584,Ileane Heineke,"",Female,6526,24.8.1983,6
585,Tristan Lakeman,tlakemang8@economist.com,Male,5211,31.12.1982,5
586,Pepita Doveston,pdovestong9@so-net.ne.jp,Non-binary,6109,10.7.2007,6
587,Clevie Fust,cfustga@nsw.gov.au,Male,4827,3.5.2001,4
588,Loretta Jeroch,ljerochgb@livejournal.com,Female,1138,21.12.1988,1
589,Emmott Krahl,ekrahlgc@t.co,Male,5872,28.1.1996,5
590,Cornall Gilliver,cgillivergd@narod.ru,Male,3239,22.1.1982,3
591,Rebecka Bartak,rbartakge@shareasale.com,Female,3951,22.9.1995,3
592,Guglielmo Carson,gcarsongf@zimbio.com,Male,4320,31.8.1985,4
593,Basilio Few,bfewgg@cdbaby.com,Male,4203,26.1.1983,4
594,Dory Climo,dclimogh@adobe.com,Male,4807,21.11.1984,4
595,Montague Penniell,mpenniellgi@newsvine.com,Male,3850,23.3.1998,3
596,Bil Peterken,bpeterkengj@eventbrite.com,Male,5477,20.7.1998,5
597,Janelle Nannetti,jnannettigk@addtoany.com,Female,5596,10.8.2003,5
598,Ephrem Duignan,eduignangl@netscape.com,Male,7377,10.11.2001,7
599,Ingaborg Tommen,itommengm@qq.com,Female,991,31.12.1987,9
600,Luigi Spellacy,lspellacygn@wikimedia.org,Genderqueer,3985,23.4.1982,3
601,Karleen Sharphouse,ksharphousego@diigo.com,Female,9143,28.10.1994,9
602,Lion Juorio,ljuoriogp@phpbb.com,Male,7103,6.3.1995,7
603,Lindsey de Clerq,ldegq@scribd.com,Polygender,8597,15.7.1982,8
604,Emory Dunphie,edunphiegr@list-manage.com,Male,3384,7.7.1990,3
605,Jake Coleman,jcolemangs@mayoclinic.com,Male,5310,18.8.1999,5
606,Erik Jowsey,ejowseygt@craigslist.org,Male,2803,7.1.2001,2
607,Marga Illingworth,millingworthgu@tripod.com,Female,5095,5.2.1983,5
608,Giulietta Gouth,ggouthgv@mediafire.com,Female,3840,26.3.1996,3
609,Gloria Rendall,grendallgw@sciencedirect.com,Female,3103,24.5.2003,3
610,Hynda Stancer,hstancergx@intel.com,Female,4665,6.12.1993,4
611,Jabez Faldoe,jfaldoegy@census.gov,Male,5098,27.3.2002,5
612,Kylie Mackin,kmackingz@creativecommons.org,Female,7635,29.6.2007,7
613,Michelle Pieche,mpiecheh0@usa.gov,Female,3366,9.10.2007,3
614,Claudina Ferrieroi,"",Female,4399,1.2.2004,4
615,Vilhelmina Scantlebury,vscantleburyh2@tiny.cc,Non-binary,4257,17.7.1992,4
616,Garwood Garlick,ggarlickh3@imageshack.us,Male,3629,29.1.1991,3
617,Silvain Blinco,sblincoh4@skype.com,Male,33,20.4.2007,3
618,Melloney Gebhard,mgebhardh5@hao123.com,Female,1944,8.11.2006,1
619,Raymond Carsey,rcarseyh6@senate.gov,Male,4453,14.1.1988,4
620,Uri de Chastelain,udeh7@people.com.cn,Male,3788,11.3.1986,3
621,Niki Baynard,nbaynardh8@goo.ne.jp,Male,5031,12.2.1997,5
622,Tanny Loveitt,tloveitth9@scientificamerican.com,Male,4246,24.9.1990,4
623,Gay Nilges,gnilgesha@ebay.co.uk,Male,2502,28.1.1992,2
624,Carolyne Stimson,cstimsonhb@wordpress.com,Polygender,4526,30.10.1994,4
625,Karlie Clayal,kclayalhc@canalblog.com,Genderfluid,3845,9.6.1992,3
626,Kori Endecott,kendecotthd@twitpic.com,Female,4466,20.1.1983,4
627,Michelina Benediktsson,mbenediktssonhe@goo.ne.jp,Female,11199,11.2.2003,1
628,Evelina Willcock,ewillcockhf@bravesites.com,Female,4403,12.4.1989,4
629,Laurel Deyes,ldeyeshg@indiegogo.com,Female,4916,14.9.2004,4
630,Corbie Aldins,caldinshh@nytimes.com,Male,4211,12.8.1983,4
631,Tedi Standish,"",Female,5129,23.6.2006,5
632,Sigismund Upstone,supstonehj@latimes.com,Male,3562,28.10.1994,3
633,Ulick Allanby,uallanbyhk@mashable.com,Male,5170,5.12.1981,5
634,Gradey Herreran,gherreranhl@jugem.jp,Male,2231,9.6.2000,2
635,Vinita Casetti,vcasettihm@quantcast.com,Female,5042,3.6.1985,5
636,Delmor Littlecote,"",Male,1798,12.10.1987,1
637,Any Riediger,ariedigerho@bandcamp.com,Male,3453,16.4.1997,3
638,Wilow Reinard,wreinardhp@google.pl,Female,6512,30.8.1985,6
639,Marcos Piggen,mpiggenhq@mlb.com,Male,4699,21.2.1999,4
640,Jack Gabbitas,jgabbitashr@opera.com,Male,881,19.9.1997,8
641,Letty Colman,lcolmanhs@ustream.tv,Female,3733,2.10.1991,3
642,Inigo Durman,idurmanht@sbwire.com,Male,5521,5.11.1996,5
643,Adolphe Milington,"",Male,2262,26.8.1982,2
644,Minny Blackmoor,mblackmoorhv@wired.com,Female,2758,12.10.1996,2
645,Raviv Gillison,rgillisonhw@canalblog.com,Male,2886,29.6.1984,2
646,Celestina Eliff,"",Female,3910,27.9.2005,3
647,Leodora Vallentin,lvallentinhy@cafepress.com,Female,5139,5.12.2002,5
648,Sanders Tiner,stinerhz@symantec.com,Genderfluid,6160,7.8.2001,6
649,Barry Blakely,bblakelyi0@dell.com,Male,5967,30.4.2007,5
650,Dallis Otter,dotteri1@bloomberg.com,Male,5232,26.3.1982,5
651,Nancie Lathey,nlatheyi2@simplemachines.org,Female,3374,26.12.1994,3
652,Aguistin Fitzsimons,afitzsimonsi3@foxnews.com,Male,4773,11.12.2005,4
653,Ailey Stapels,astapelsi4@elpais.com,Female,4897,6.11.2005,4
654,Rourke Paffett,rpaffetti5@comsenz.com,Male,4298,15.2.1992,4
655,Elyssa Duplan,"",Female,5332,2.1.1986,5
656,Lusa Dudney,ldudneyi7@redcross.org,Female,5602,15.11.2006,5
657,Sile Grunwald,sgrunwaldi8@dagondesign.com,Female,4944,7.7.1996,4
658,Giorgi Feldharker,gfeldharkeri9@geocities.com,Male,5006,27.5.1990,5
659,Karlis Bowton,kbowtonia@wikia.com,Male,4619,4.9.1985,4
660,Loella Lebbon,llebbonib@chron.com,Female,5911,19.11.1997,5
661,Valencia MacDiarmid,vmacdiarmidic@diigo.com,Female,1375,27.1.1987,1
662,Isidor Rawlison,"",Male,5628,19.12.1997,5
663,Pia Leipnik,pleipnikie@people.com.cn,Female,4034,17.1.1983,4
664,Frankie Esom,"",Male,4924,8.5.2007,4
665,Odessa Sharville,osharvilleig@360.cn,Female,138,19.11.1998,1
666,Charla Winham,cwinhamih@columbia.edu,Female,5302,4.12.1987,5
667,Ethelind Gilby,"",Female,5480,30.11.1994,5
668,Joe Watkiss,jwatkissij@constantcontact.com,Male,4151,5.7.1995,4
669,Opal Ceschini,oceschiniik@csmonitor.com,Female,6068,9.4.2007,6
670,Scot Minithorpe,sminithorpeil@reverbnation.com,Male,3730,8.6.1996,3
671,Fin Flipsen,"",Male,2259,28.3.2007,2
672,Vitoria Trevett,"",Female,7257,2.1.1998,7
673,Dexter Hiorn,dhiornio@scribd.com,Male,3529,23.7.1989,3
674,Mattie Worgan,mworganip@wordpress.com,Male,4404,5.6.1999,4
675,Imogen Bauer,ibaueriq@naver.com,Bigender,5285,14.5.2003,5
676,Parke Le Fleming,pleir@cnet.com,Male,849,13.10.2006,8
677,Constantine Kemish,"",Female,3582,6.6.2004,3
678,Ann-marie Arnson,aarnsonit@nasa.gov,Female,4947,20.8.1992,4
679,Shirline Fowles,sfowlesiu@va.gov,Female,3220,12.9.1995,3
680,Lindon Fair,lfairiv@hud.gov,Male,-1278,19.12.1983,-
681,Teri Seamarke,tseamarkeiw@alexa.com,Female,2897,24.11.2000,2
682,Umberto Cafe,"",Male,2242,4.1.1987,2
683,Saunderson Mulroy,smulroyiy@va.gov,Male,2768,10.3.1990,2
684,Leisha Freed,lfreediz@zdnet.com,Female,4549,5.4.1986,4
685,Melisandra Guiver,mguiverj0@ifeng.com,Female,4126,18.11.1999,4
686,Cherise Ahrenius,cahreniusj1@baidu.com,Female,5941,14.1.2006,5
687,Starlin Bouzek,sbouzekj2@accuweather.com,Female,4340,14.5.2002,4
688,Minette Kohler,mkohlerj3@baidu.com,Female,2888,28.2.1989,2
689,Bobinette Ianiello,bianielloj4@yelp.com,Female,4642,1.7.1990,4
690,Elwyn Brigdale,ebrigdalej5@networkadvertising.org,Male,9082,16.9.2005,9
691,Margie Childes,mchildesj6@mozilla.org,Female,5865,24.11.1990,5
692,Donni Irlam,dirlamj7@constantcontact.com,Genderfluid,6572,25.8.1986,6
693,Lissie Chetham,lchethamj8@aol.com,Genderqueer,5393,11.6.1999,5
694,Domenic Raff,draffj9@1und1.de,Male,3075,20.6.1991,3
695,Nomi Sebring,nsebringja@utexas.edu,Female,5983,19.6.1993,5
696,Gwennie de Juares,gdejb@army.mil,Female,3363,14.10.2007,3
697,Emelia Gulliver,egulliverjc@yandex.ru,Polygender,4500,31.1.1994,4
698,Melina De Ambrosis,"",Female,4308,25.1.2006,4
699,Gwynne Stebbings,gstebbingsje@artisteer.com,Female,3159,2.6.2001,3
700,Jaye Kollatsch,jkollatschjf@technorati.com,Male,1730,20.10.1983,1
701,Wheeler Giffin,wgiffinjg@t.co,Male,6485,7.11.1996,6
702,Patricio Gwatkin,pgwatkinjh@cmu.edu,Male,6978,25.12.1995,6
703,Cortney Pinkard,cpinkardji@surveymonkey.com,Female,5577,13.9.2000,5
704,Trenna Nerval,"",Female,4574,12.6.1992,4
705,Lane Redhead,lredheadjk@prnewswire.com,Female,5556,21.7.1986,5
706,Kain MacGowing,kmacgowingjl@census.gov,Male,6174,21.6.2002,6
707,Merline Bellsham,mbellshamjm@springer.com,Female,1813,21.9.2007,1
708,Netti McWilliam,nmcwilliamjn@who.int,Female,5087,24.9.1988,5
709,Laura Piola,lpiolajo@ft.com,Female,3880,8.7.2007,3
710,Dewie Pollins,dpollinsjp@yandex.ru,Male,3462,5.7.1982,3
711,Pernell Tybalt,ptybaltjq@java.com,Male,6626,30.5.1984,6
712,Fawnia Costerd,fcosterdjr@altervista.org,Female,3772,31.1.1993,3
713,Duke Hazart,dhazartjs@t.co,Male,5138,13.4.2006,5
714,Brenden Sirett,bsirettjt@google.ca,Male,4090,12.11.2003,4
715,Elle Wedgwood,ewedgwoodju@google.com,Female,4623,31.5.2007,4
716,Olivie Bloyes,obloyesjv@hao123.com,Female,5488,25.3.2003,5
717,Patty Gaskell,pgaskelljw@uol.com.br,Male,3296,22.3.2004,3
718,Miranda Parsell,mparselljx@nifty.com,Female,917,28.4.2005,9
719,Lizzy Guitel,lguiteljy@acquirethisname.com,Female,2797,20.1.2003,2
720,Jude O'Sculley,josculleyjz@omniture.com,Male,6144,21.8.2001,6
721,Agnella McGookin,amcgookink0@netscape.com,Female,3713,10.11.2005,3
722,Ilyse Fligg,ifliggk1@nytimes.com,Polygender,2651,6.4.1981,2
723,Manda Lawie,mlawiek2@nih.gov,Female,3766,16.9.1991,3
724,Fannie Wogden,"",Female,8037,7.5.2005,8
725,Marlowe Feavearyear,mfeavearyeark4@aol.com,Male,5625,4.1.1997,5
726,Therese Kimmings,tkimmingsk5@vkontakte.ru,Female,768,23.12.1991,7
727,Dedra Lodin,dlodink6@goo.gl,Female,6546,24.6.1991,6
728,Dulcine Ducastel,dducastelk7@livejournal.com,Female,3247,14.9.1993,3
729,Alvie Beades,abeadesk8@tamu.edu,Male,4190,7.10.1997,4
730,Magdalen Popescu,mpopescuk9@furl.net,Genderfluid,3810,7.5.1983,3
731,Kriste Cocozza,kcocozzaka@artisteer.com,Female,4034,28.8.1986,4
732,Pavlov Mokes,pmokeskb@spiegel.de,Genderqueer,5597,10.8.1983,5
733,Cleavland Legonidec,clegonideckc@yahoo.co.jp,Male,2740,2.1.2005,2
734,Paolo Leftly,"",Male,5174,2.8.2007,5
735,Audi Krzyzanowski,akrzyzanowskike@blogtalkradio.com,Female,3524,11.1.1997,3
736,Merrel Samples,msampleskf@domainmarket.com,Male,4320,29.5.1990,4
737,Josephina Linsley,jlinsleykg@sphinn.com,Genderfluid,971,6.6.1998,9
738,Harman Huelin,hhuelinkh@vinaora.com,Male,6539,29.6.2000,6
739,Gavrielle Dyble,gdybleki@aol.com,Female,4441,19.1.2005,4
740,Herc Piechnik,hpiechnikkj@cdc.gov,Male,4945,6.8.2003,4
741,Forbes Friedman,"",Male,3166,9.5.2007,3
742,Broddy Connal,bconnalkl@altervista.org,Male,7375,11.8.1989,7
743,Onida Dewett,odewettkm@senate.gov,Female,4360,26.1.1995,4
744,Bale Bartolomeotti,"",Male,5573,21.7.2002,5
745,Jade Fontin,jfontinko@un.org,Agender,4907,11.11.1989,4
746,Heall Lerner,"",Male,5349,29.3.1983,5
747,Heloise Creeghan,hcreeghankq@desdev.cn,Bigender,7532,5.5.2004,7
748,Gabriela McLaren,gmclarenkr@issuu.com,Female,2381,1.12.2000,2
749,Kamilah Thunderchief,kthunderchiefks@twitter.com,Non-binary,1521,15.6.1996,1
750,Caspar Kirkam,ckirkamkt@e-recht24.de,Male,9953,1.4.1984,9
751,Joe Wharin,jwharinku@umich.edu,Male,5416,23.1.2004,5
752,Cornelius Stickel,cstickelkv@elpais.com,Male,8235,21.4.1982,8
753,Sonnie Tracy,stracykw@vimeo.com,Female,4142,25.7.1994,4
754,Catrina MacGaughy,cmacgaughykx@topsy.com,Female,4293,15.7.2003,4
755,Sonnie Conlaund,sconlaundky@omniture.com,Female,4313,1.1.1998,4
756,Nye Kirkebye,nkirkebyekz@washington.edu,Genderqueer,3112,1.5.1998,3
757,Nora Aiston,naistonl0@patch.com,Female,4012,5.7.1983,4
758,Reuven Guillon,rguillonl1@prlog.org,Male,7270,19.10.1986,7
759,Reece Weir,"",Male,3395,4.5.2007,3
760,Timotheus Pringour,tpringourl3@sfgate.com,Male,7610,12.1.1984,7
761,Ashlen Thunnercliffe,athunnercliffel4@surveymonkey.com,Genderqueer,7903,17.9.1990,7
762,Miquela Sheach,msheachl5@bandcamp.com,Genderqueer,3735,24.3.2001,3
763,Abbey Dackombe,adackombel6@buzzfeed.com,Male,6034,15.9.1984,6
764,Aubry Doe,adoel7@hud.gov,Female,6357,31.10.1993,6
765,Cherri Vondrys,cvondrysl8@theatlantic.com,Female,1851,19.11.1992,1
766,Peadar Vanlint,pvanlintl9@virginia.edu,Male,4041,9.3.1990,4
767,Ulberto Scoggins,uscogginsla@wiley.com,Male,2087,24.12.1994,2
768,Rabi Gerretsen,rgerretsenlb@google.com,Male,7623,4.6.1986,7
769,Kristi Harston,kharstonlc@arizona.edu,Female,4584,19.7.2006,4
770,Itch Meert,imeertld@edublogs.org,Genderfluid,6575,18.12.1981,6
771,Tiebout Ionnisian,tionnisianle@businesswire.com,Male,4749,11.7.2003,4
772,Selestina Godbald,sgodbaldlf@51.la,Female,4030,17.5.1990,4
773,Milicent Lawey,mlaweylg@wikipedia.org,Female,3394,11.10.2000,3
774,Vladimir Curado,vcuradolh@dot.gov,Agender,8611,25.3.1996,8
775,Farlee Sciusscietto,fsciussciettoli@nba.com,Male,4897,12.11.1991,4
776,Ephrem Grzesiak,"",Male,6927,18.3.1989,6
777,Vasily Coolson,vcoolsonlk@sourceforge.net,Male,4292,8.4.1983,4
778,Carlene Kitchingham,ckitchinghamll@ebay.co.uk,Female,1185,22.11.1995,1
779,Brigitte Spurdon,bspurdonlm@mac.com,Female,7980,24.8.1983,7
780,Domeniga Thorbon,dthorbonln@dot.gov,Female,4237,3.10.1998,4
781,Hillary Francesch,hfranceschlo@cnbc.com,Female,5597,11.9.1996,5
782,Ernst Howorth,ehoworthlp@exblog.jp,Male,2452,29.6.2001,2
783,Kit Hail,khaillq@statcounter.com,Male,7236,28.5.1995,7
784,Lacie Anniwell,lanniwelllr@wufoo.com,Female,7801,2.11.2006,7
785,Bjorn Cowitz,bcowitzls@artisteer.com,Male,3573,6.7.1986,3
786,Inglis McVeagh,imcveaghlt@chron.com,Male,2794,2.5.1989,2
787,Vicki Featenby,vfeatenbylu@ox.ac.uk,Female,4374,23.4.2004,4
788,Perla Gelardi,pgelardilv@typepad.com,Female,4916,4.1.1989,4
789,Dannie McLaverty,dmclavertylw@noaa.gov,Female,3684,4.8.2003,3
790,Evangeline Dunsire,edunsirelx@nsw.gov.au,Female,4065,8.6.1992,4
791,Ilyse Moncrefe,imoncrefely@gmpg.org,Genderqueer,3980,16.7.1984,3
792,Benjamen Campe,bcampelz@goo.gl,Male,2301,17.12.1986,2
793,Ronald Ham,rhamm0@tripod.com,Male,7951,18.9.2002,7
794,Babs Piniur,bpiniurm1@hp.com,Female,5177,24.10.1984,5
795,Denver Prati,"",Male,4159,19.3.1981,4
796,Dilly Callicott,dcallicottm3@quantcast.com,Genderfluid,4360,25.11.2001,4
797,Lark Woodrow,lwoodrowm4@networkadvertising.org,Female,6584,26.10.1997,6
798,Fayette Janicijevic,fjanicijevicm5@zdnet.com,Female,4902,14.3.1985,4
799,Terry Margerrison,tmargerrisonm6@purevolume.com,Male,6885,5.1.1998,6
800,Olvan Schwant,oschwantm7@ucoz.ru,Male,3277,23.8.2006,3
801,Drucie Dive,ddivem8@irs.gov,Female,2716,30.11.2002,2
802,Falkner Mil,fmilm9@hugedomains.com,Male,846,4.1.1982,8
803,Pavia Hargreves,phargrevesma@php.net,Polygender,5793,26.4.1993,5
804,Alla Halfacree,ahalfacreemb@springer.com,Female,3734,17.6.1992,3
805,Lib Slewcock,lslewcockmc@hostgator.com,Female,2524,20.5.2001,2
806,Mag Girke,mgirkemd@1und1.de,Female,2879,25.12.2006,2
807,Lyndsey Straine,lstraineme@stanford.edu,Female,6308,18.5.2006,6
808,Mycah McQuaid,mmcquaidmf@1und1.de,Male,1389,18.8.1991,1
809,Nettie Cisson,ncissonmg@sbwire.com,Female,6393,22.4.1986,6
810,Agace Cossom,acossommh@tinyurl.com,Female,6588,9.3.2003,6
811,Tiphany Reeken,treekenmi@mapy.cz,Female,6248,18.4.2006,6
812,Sherlock Cantero,scanteromj@usa.gov,Male,4259,23.5.1993,4
813,Murdock Marguerite,mmargueritemk@mtv.com,Male,3692,13.8.2002,3
814,Farrell Castanho,fcastanhoml@usgs.gov,Male,3946,9.2.1996,3
815,Merrili Priddis,mpriddismm@twitter.com,Genderfluid,2900,6.11.1992,2
816,Natalie Giorio,ngioriomn@marriott.com,Female,3482,29.7.1988,3
817,Damita Keson,dkesonmo@amazonaws.com,Female,3886,29.3.1999,3
818,Lemmy Sondon,lsondonmp@arizona.edu,Male,3414,9.11.1983,3
819,Marina Sprake,msprakemq@adobe.com,Female,4345,19.11.1996,4
820,Onida McGaughie,"",Female,1775,19.12.1992,1
821,Lazare Sandercroft,lsandercroftms@wordpress.org,Male,7134,14.10.1997,7
822,Berrie Cobain,bcobainmt@lulu.com,Female,5616,18.8.1984,5
823,Karon Stouther,kstouthermu@addthis.com,Female,5706,26.10.2000,5
824,Fitz Venneur,fvenneurmv@xing.com,Male,5251,9.8.1991,5
825,Tammie Chalke,tchalkemw@intel.com,Male,3467,16.7.1981,3
826,Kimmie Duding,kdudingmx@dell.com,Agender,7905,18.6.1982,7
827,Linn Rustich,lrustichmy@livejournal.com,Bigender,6807,19.8.1981,6
828,Jacqui Romeril,jromerilmz@soup.io,Female,5231,19.8.1982,5
829,Hyacinth Hazelton,"",Female,4638,19.8.2007,4
830,Cam Eastcourt,ceastcourtn1@blog.com,Male,5751,1.6.1988,5
831,Mathias Dugood,mdugoodn2@skyrock.com,Male,1813,16.3.1994,1
832,Kalli Berrick,kberrickn3@dailymail.co.uk,Female,6226,20.1.1981,6
833,Haley Kitchingman,hkitchingmann4@uol.com.br,Male,5897,17.12.1994,5
834,Tania Laverock,tlaverockn5@comsenz.com,Female,2294,6.6.1982,2
835,Meier Balaizot,"",Male,5063,26.9.1984,5
836,Karel Halahan,khalahann7@mail.ru,Male,9380,17.9.1989,9
837,Mic Furmedge,mfurmedgen8@reference.com,Male,8682,18.5.2003,8
838,Letitia Kermode,lkermoden9@about.com,Female,5232,24.8.1986,5
839,Sawyer Philipart,sphilipartna@rediff.com,Male,3761,30.12.2000,3
840,Florenza Duddan,"",Female,8467,28.11.2006,8
841,Clive Chamberlain,cchamberlainnc@yellowpages.com,Male,6609,7.6.1984,6
842,Magdalene Ziems,"",Female,6824,19.2.2003,6
843,Bridgette Morphet,bmorphetne@exblog.jp,Bigender,4912,29.12.1985,4
844,Stirling Artus,sartusnf@nyu.edu,Male,5018,28.1.1989,5
845,Arne Boays,aboaysng@unesco.org,Male,4454,17.8.1996,4
846,Rodrique Strowther,rstrowthernh@themeforest.net,Male,5068,27.9.1999,5
847,Vanessa Blumire,vblumireni@posterous.com,Female,5554,29.2.2000,5
848,Nertie Dounbare,ndounbarenj@salon.com,Female,7134,10.3.1989,7
849,Dasya Jandl,djandlnk@omniture.com,Female,7203,22.3.1998,7
850,Mariquilla Ohrtmann,mohrtmannnl@apache.org,Female,4660,26.5.1982,4
851,Gavra Rawnsley,grawnsleynm@rambler.ru,Female,2520,6.4.1994,2
852,Aleksandr Ilyenko,ailyenkonn@posterous.com,Non-binary,3725,13.8.2002,3
853,Danit Trigg,dtriggno@hexun.com,Female,4161,26.1.1988,4
854,Tonya Burds,"",Female,6607,24.4.1995,6
855,Dominica Govern,"",Female,3331,17.3.2006,3
856,Bronson Reddihough,"",Male,6033,2.9.1990,6
857,Ian Fetherston,ifetherstonns@shop-pro.jp,Polygender,2768,7.10.1998,2
858,Arlen Alvarado,aalvaradont@slideshare.net,Female,5057,4.1.2001,5
859,Hastings Blaza,"",Agender,7995,18.5.1992,7
860,Amelia Joblin,ajoblinnv@zdnet.com,Female,6961,16.12.1989,6
861,Micheline Ellam,mellamnw@wikipedia.org,Female,3196,14.2.1996,3
862,Jody Joesbury,jjoesburynx@github.io,Male,3667,20.9.1989,3
863,Werner Skill,wskillny@psu.edu,Male,6127,5.12.1988,6
864,Pauline Wheway,pwhewaynz@samsung.com,Female,4801,8.9.2005,4
865,Julie Vallack,jvallacko0@jiathis.com,Female,4050,2.10.1997,4
866,Tedie Whiten,twhiteno1@umn.edu,Male,7537,7.6.1986,7
867,Ingelbert Blackwell,iblackwello2@cmu.edu,Male,4518,12.4.2004,4
868,Meryl Timson,mtimsono3@xing.com,Male,6334,4.10.1996,6
869,Charlotte Millyard,cmillyardo4@cpanel.net,Female,2767,24.10.1983,2
870,Justus Seeger,jseegero5@mac.com,Male,2769,31.10.2002,2
871,Olly Ismail,oismailo6@mashable.com,Female,3911,30.1.2003,3
872,Jade Paulig,jpauligo7@ca.gov,Female,6584,5.2.1983,6
873,Althea Haggarty,"",Female,4161,12.9.1983,4
874,Maureen Geale,"",Female,8289,21.4.1982,8
875,Alon Dunstone,adunstoneoa@wisc.edu,Male,5184,16.8.1994,5
876,Virgie Algeo,valgeoob@businessweek.com,Male,6738,11.11.1998,6
877,Gabriellia Gounet,ggounetoc@cam.ac.uk,Female,3116,31.12.1994,3
878,Cammy Winsbury,"",Male,1481,9.5.2007,1
879,Ilene Saunton,isauntonoe@craigslist.org,Female,4737,25.11.1998,4
880,Raviv O'Connell,roconnellof@free.fr,Male,3865,11.7.1993,3
881,Blane Decourcy,bdecourcyog@bigcartel.com,Male,5298,29.1.2007,5
882,Daryle Farleigh,dfarleighoh@oakley.com,Male,7888,3.3.1987,7
883,Theresa Spieck,tspieckoi@yellowbook.com,Female,6958,5.2.1982,6
884,Seka Eliyahu,seliyahuoj@mozilla.org,Female,4347,16.10.2006,4
885,Celina Mathwin,cmathwinok@squidoo.com,Female,3301,26.4.1988,3
886,Ross Jevon,"",Male,2272,29.7.2007,2
887,Farlie Schutter,fschutterom@quantcast.com,Male,4058,28.1.2004,4
888,Dania Balser,dbalseron@wikimedia.org,Female,2601,8.11.1994,2
889,Rozella Hourihane,rhourihaneoo@joomla.org,Female,5782,16.1.1983,5
890,Tanney Larmouth,tlarmouthop@wikipedia.org,Male,2267,23.3.1989,2
891,Sasha Grima,sgrimaoq@constantcontact.com,Female,6134,28.3.1995,6
892,Marne Burel,mburelor@mapquest.com,Female,4303,2.10.1986,4
893,Fitzgerald Glaum,fglaumos@youku.com,Male,3912,30.11.2005,3
894,Aaron Gomez,agomezot@goo.gl,Male,3727,21.10.1999,3
895,Lemmie Enderlein,"",Male,4650,2.4.1994,4
896,Kev Collecott,kcollecottov@zimbio.com,Polygender,4692,12.8.1985,4
897,Reena Skellern,rskellernow@dmoz.org,Female,5399,14.4.2002,5
898,Elysia Boyton,eboytonox@nature.com,Female,3841,27.6.1994,3
899,Bonnibelle Sheal,bshealoy@imdb.com,Female,5225,19.12.1985,5
900,Erny Stranahan,estranahanoz@nydailynews.com,Male,3794,17.12.1985,3
901,Kermit Skeemor,kskeemorp0@networksolutions.com,Male,3853,18.9.1985,3
902,Elnar Oran,eoranp1@ebay.co.uk,Male,5648,4.7.2007,5
903,Nessi Ayllett,nayllettp2@multiply.com,Female,3705,31.5.1983,3
904,Dell Jeanel,"",Female,5320,1.9.1994,5
905,Heindrick Nary,hnaryp4@sohu.com,Male,2549,24.12.1986,2
906,Shanna Dulanty,sdulantyp5@1und1.de,Female,6900,24.5.2002,6
907,Albertine Orring,aorringp6@aol.com,Female,6145,20.9.1981,6
908,Marv Westney,mwestneyp7@dot.gov,Genderfluid,3732,22.8.1982,3
909,Mateo Heasly,mheaslyp8@infoseek.co.jp,Male,5442,22.5.1986,5
910,Claudetta Cheese,ccheesep9@youtube.com,Female,4855,2.1.1981,4
911,Arri Gillard,"",Male,6961,12.6.1990,6
912,Hamil Piechnik,hpiechnikpb@ameblo.jp,Male,4473,8.12.2001,4
913,Alwin Thomkins,athomkinspc@timesonline.co.uk,Agender,3133,17.6.1987,3
914,Arnoldo Rabl,arablpd@techcrunch.com,Male,9186,15.4.1989,9
915,Clemence Doohey,"",Female,6156,29.8.2000,6
916,Tiffy Moody,tmoodypf@blog.com,Female,5802,18.4.1987,5
917,Veronike St. John,vstpg@cyberchimps.com,Genderfluid,3659,18.9.1997,3
918,Wolfy Guile,wguileph@tinyurl.com,Male,1890,2.11.2001,1
919,Fairfax Grigoryev,fgrigoryevpi@discuz.net,Male,4021,4.4.1981,4
920,Uriah Gernier,ugernierpj@mediafire.com,Male,4289,26.3.1993,4
921,Jaimie Burt,"",Male,7364,2.8.2005,7
922,Davide O'Scanlon,doscanlonpl@multiply.com,Male,6077,3.1.1999,6
923,Kakalina Merioth,kmeriothpm@dedecms.com,Female,5110,21.7.1998,5
924,Robinette Walford,rwalfordpn@163.com,Female,6409,2.10.2003,6
925,Yasmeen Meeny,"",Female,5252,10.9.2006,5
926,Erroll Matfin,ematfinpp@issuu.com,Male,2554,18.1.1998,2
927,Veriee Lafond,vlafondpq@simplemachines.org,Female,4868,8.9.1982,4
928,Tobye Tuftin,ttuftinpr@chronoengine.com,Female,4509,15.9.1985,4
929,Wilma O'Gaven,wogavenps@buzzfeed.com,Female,2807,24.11.1981,2
930,Gabbie Taggerty,gtaggertypt@wikispaces.com,Male,5771,23.2.1991,5
931,Stefano Varley,"",Male,33,28.8.1986,3
932,Lorrayne O' Sullivan,"",Female,3626,16.2.1983,3
933,Carol-jean Vardie,cvardiepw@cisco.com,Female,8742,19.4.1995,8
934,Kaia Hearmon,khearmonpx@fotki.com,Female,4802,13.8.1981,4
935,Maurizia Major,mmajorpy@shutterfly.com,Female,3889,14.3.2002,3
936,Rosa Bellam,rbellampz@nyu.edu,Female,6540,21.11.1992,6
937,Mollee Neward,mnewardq0@wikia.com,Female,8485,6.8.1981,8
938,Sharyl Meeking,"",Female,3011,6.10.1994,3
939,Sherye Brigshaw,sbrigshawq2@instagram.com,Female,4543,20.5.1985,4
940,Elton Keir,ekeirq3@timesonline.co.uk,Male,4408,1.5.1994,4
941,Harmony Loffhead,hloffheadq4@shareasale.com,Female,6641,9.3.1995,6
942,Connie Hollyer,chollyerq5@flickr.com,Male,5262,27.5.2004,5
943,Tobit Thistleton,tthistletonq6@bravesites.com,Male,5882,18.10.1998,5
944,Audrie Fero,"",Female,6113,7.9.1993,6
945,Sunshine Tourne,"",Female,4848,1.1.1997,4
946,Rhonda Howles,rhowlesq9@un.org,Female,4267,6.5.2000,4
947,Lucho Mapston,lmapstonqa@smugmug.com,Male,617,27.5.1992,6
948,Stephannie Fishbourn,"",Female,6859,20.7.1984,6
949,Mackenzie Humphrys,mhumphrysqc@ameblo.jp,Male,6479,30.9.1989,6
950,Benedicta Snookes,bsnookesqd@deviantart.com,Female,3829,15.2.2002,3
951,Noell Cocker,ncockerqe@sphinn.com,Female,5293,21.5.2006,5
952,Phelia Cathcart,pcathcartqf@cmu.edu,Female,4457,5.7.1991,4
953,Danyette Slaten,dslatenqg@angelfire.com,Female,2827,19.2.2004,2
954,Ivar Franken,ifrankenqh@soundcloud.com,Male,1895,12.2.1989,1
955,Pall Karchowski,pkarchowskiqi@1und1.de,Male,3191,16.7.1992,3
956,Brian Miall,"",Male,2425,16.2.2003,2
957,Silvester McAlpine,smcalpineqk@ibm.com,Male,6968,17.8.1985,6
958,Emmanuel Caudrey,ecaudreyql@drupal.org,Male,5303,21.5.2004,5
959,Alastair Delcastel,adelcastelqm@xing.com,Male,5873,23.7.1999,5
960,Sheena Beacock,sbeacockqn@dailymail.co.uk,Female,5288,29.1.1986,5
961,Orazio Studman,ostudmanqo@bloomberg.com,Male,6151,10.4.1983,6
962,Joleen Simenet,jsimenetqp@msu.edu,Female,218,19.10.1998,2
963,Jervis Mollett,jmollettqq@berkeley.edu,Male,3613,1.2.1995,3
964,Aleen Riccione,ariccioneqr@amazon.co.jp,Female,5237,7.8.2000,5
965,Eli Arrighetti,earrighettiqs@intel.com,Male,5876,28.6.1992,5
966,Davin Keneford,dkenefordqt@seattletimes.com,Male,3893,29.6.2006,3
967,Minnie Hussell,mhussellqu@bluehost.com,Female,5615,13.4.2001,5
968,Amelita Pachta,apachtaqv@mozilla.com,Genderfluid,6978,31.3.2005,6
969,Yorgo Lopes,ylopesqw@hibu.com,Male,4681,30.7.1990,4
970,Igor Reary,irearyqx@rediff.com,Male,4926,2.11.1995,4
971,Consalve Dowrey,"",Male,5021,27.3.2005,5
972,Wylie Scardefield,wscardefieldqz@canalblog.com,Male,5866,26.9.1988,5
973,Rosemary Spurryer,rspurryerr0@skype.com,Female,3827,7.7.1999,3
974,Donella Breddy,dbreddyr1@thetimes.co.uk,Female,-196,10.1.1982,-
975,Gawain Jays,gjaysr2@plala.or.jp,Agender,4691,10.6.1999,4
976,Marcelline Huelin,"",Female,3248,22.6.1984,3
977,Mary Grewe,mgrewer4@tinyurl.com,Female,3262,23.5.2003,3
978,Xymenes Dykes,xdykesr5@godaddy.com,Male,2495,12.6.2000,2
979,Marshal Scanlon,"",Male,3830,18.6.2000,3
980,Alison O'Cooney,"",Female,4174,22.11.1986,4
981,Jo Burgoine,jburgoiner8@yellowpages.com,Female,3270,21.9.2005,3
982,Celka Batman,cbatmanr9@opera.com,Female,6788,4.3.1998,6
983,Corrianne Strutz,cstrutzra@dropbox.com,Female,6485,25.4.1986,6
984,Adan Chattaway,achattawayrb@yahoo.com,Male,3886,23.2.1999,3
985,Aldous Andreasen,aandreasenrc@xinhuanet.com,Male,1276,27.8.1986,1
986,Lancelot Colliss,lcollissrd@rediff.com,Male,3951,25.3.1997,3
987,Gasper Ridoutt,gridouttre@desdev.cn,Male,5661,11.5.1992,5
988,Glenine Falloon,gfalloonrf@nba.com,Female,1457,14.8.1986,1
989,Meris Andell,mandellrg@ask.com,Female,1962,18.7.1992,1
990,Land Cluitt,"",Male,6778,10.9.2002,6
991,Doyle Alwen,dalwenri@howstuffworks.com,Male,720,9.2.2001,7
992,Ky Griswood,kgriswoodrj@bloglovin.com,Male,8438,9.4.1997,8
993,Miquela Birkin,mbirkinrk@skyrock.com,Female,4650,1.3.1982,4
994,Onida Willicott,owillicottrl@symantec.com,Non-binary,4655,27.12.2000,4
995,Dominik Forseith,dforseithrm@digg.com,Male,7068,5.3.1989,7
996,Nerissa Haslam,nhaslamrn@google.com,Female,4222,11.3.1999,4
997,Cinnamon Croisdall,ccroisdallro@dell.com,Genderqueer,1897,11.11.1986,1
998,Roman O'Cahsedy,rocahsedyrp@google.co.uk,Male,3590,14.2.2003,3
999,Jeanie Tackett,"",Female,1706,5.12.1996,1
1000,Jamey Winspur,jwinspurrr@scribd.com,Male,7407,11.1.2005,7
